,SoS Name,VEST Name,County
0,Precinct No. 9 - NS Ballot #1 ,Dicksinon 9,Dickinson
1,Precinct No. 7 ,Dickinson 7,Dickinson
2,Precinct No. 4 - NS Ballot #1,Dickinson 4,Dickinson
3,Precinct No. 6 - NS Ballot #1,Dickinson 6,Dickinson
4,Precinct No. 14 - S Ballot #1,Dickinson 14 - Spirit Lake West,Dickinson
5,Precinct No. 10,Dickinson 10,Dickinson
6,Precinct No. 12,Dickinson 12,Dickinson
7,Precinct No. 3,Dickinson 3,Dickinson
8,Precinct No. 11,Dickinson 11,Dickinson
9,Precinct No. 1,Dickinson 1,Dickinson
10,Precinct No. 2,Dickinson 2,Dickinson
11,Precinct No. 13 - S Ballot #1,Dickinson 13 - Spirit Lake North,Dickinson
12,Precinct No. 5,Dickinson 5,Dickinson
13,Precinct No. 15,Dickinson 15 - Spirit Lake South,Dickinson
14,Precinct No. 8,Dickinson 8,Dickinson
0,Garfield/Herdland,Garfield/Herdland,Clay
1,Logan/Gillett Grove,Logan/Gillett Grove,Clay
2,Lake/Freeman,Lake/Freeman,Clay
3,Douglas/Peterson,Douglas/Peterson,Clay
4,Lincoln/Clay,Lincoln/Clay,Clay
5,Waterford/Lone Tree,Waterford/Lone Tree,Clay
6,Summit/Riverton/Sioux/Meadow,Summit/Riverton/Sioux/Meadow,Clay
7,Spencer Ward 1,Spencer 1,Clay
8,Spencer Ward 2,Spencer 2,Clay
9,Spencer Ward 3,Spencer 3,Clay
10,Spencer Ward 5,Spencer 5,Clay
11,Spencer Ward 4,Spencer 4,Clay
0,Emmetsburg Ward 2,Emmetsburg 2,Palo Alto
1,Emmetsburg Ward 1,Emmetsburg 1,Palo Alto
2,GR/RV/LI/pt. HL&amp;WL,Palo Alto 6,Palo Alto
3,EM Ward 3/SL/pt. HL&amp;WL&amp;EM,Emmetsburg 3,Palo Alto
4,EMWard4/FV/FF/FR/IN/VN/ptEM,Emmetsburg 4,Palo Alto
5,WB/EL/RL/BO/GO/NV,Palo Alto 5,Palo Alto
0,Harris Precinct,Harris,Osceola
1,May City Precinct,May City,Osceola
2,Melvin Precinct,Melvin,Osceola
3,Ocheyedan Precinct,Ocheyedan,Osceola
4,Ashton Precinct,Ashton,Osceola
5,Osceola 1 Precinct,Osceola 1,Osceola
6,Osceola 2 Precinct,Osceola 2,Osceola
7,Osceola 3 Precinct,Osceola 3,Osceola
0,Little Rock Town and Country Bldg,Lyon County Precinct 6,Lyon
1,Lester City Hall,Lyon County Precinct 5,Lyon
2,Inwood City Hall,Lyon County Precinct 3,Lyon
3,Larchwood City Hall,Lyon County Precinct 4,Lyon
4,Rock Rapids Forster Bldg N,Lyon County Precinct 7,Lyon
5,Doon City Hall,Lyon County Precinct 2,Lyon
6,George Community Center,Lyon County Precinct 1,Lyon
7,Rock Rapids Forster Bldg S,Lyon County Precinct 8,Lyon
0,#6 Cherokee Ward 2,Cherokee city 2,Cherokee
1,#4 Cherokee,Cherokee 4,Cherokee
2,#3 Quimby,Cherokee 3,Cherokee
3,#7 Cherokee Ward 3,Cherokee city 3,Cherokee
4,#5 Cherokee Ward 1,Cherokee city 1,Cherokee
5,#1 Aurelia,Cherokee 1,Cherokee
6,#2 Cleghorn,Cherokee 2,Cherokee
0,Westfield Community Center,Plymouth 6,Plymouth
1,American Bank,Plymouth 2,Plymouth
2,Courthouse Annex,Plymouth 3,Plymouth
3,Brunsville Legion,Plymouth 4,Plymouth
4,Akron Public Library,Plymouth 1,Plymouth
5,Kissinger Community Center,Plymouth 7,Plymouth
6,Kingsley Community Center,Plymouth 10,Plymouth
7,Perry Township Hall,Plymouth 8,Plymouth
8,Le Mars Convention Center 13,Plymouth 13/Le Mars 3,Plymouth
9,Remsen Library,Plymouth 5,Plymouth
10,Hinton Community Center,Plymouth 9,Plymouth
11,Le Mars Convention Center 11,Plymouth 11/Le Mars 1,Plymouth
12,Le Mars Convention Center 12,Plymouth 12/Le Mars 2,Plymouth
0,Carroll-Floyd,O'Brien 1 - Carroll-Floyd,Obrien
1,Sheldon 3rd Ward,O'Brien 6 - Sheldon 3,Obrien
2,Sheldon 2nd Ward,O'Brien 5 - Sheldon 2,Obrien
3,Waterman-Grant-Liberty,O'Brien 9 - Waterman-Grant-Liberty,Obrien
4,Franklin,O'Brien 2 - Franklin,Obrien
5,Union-Baker-Caledonia,O'Brien 8 - Union-Baker-Caledonia,Obrien
6,Summit-Center-Dale-Highland,O'Brien 7 - Summit-Center-Dale-Highland,Obrien
7,Hartley-Lincoln-Omega,O'Brien 3 - Hartley-Lincoln-Omega,Obrien
8,Sheldon 1st Ward,O'Brien 4 - Sheldon 1,Obrien
0,Sherman,Sioux 12,Sioux
1,West Branch/Center North,Sioux 16,Sioux
2,Reading/Center South,Sioux 9,Sioux
3,Floyd/Lynn,"Sioux 2 - Floyd, Lynn",Sioux
4,Grant/Sheridan,"Sioux 3 - Grant, Sheridan",Sioux
5,Plato/Garfield/Settlers/Sioux/Eagle North,Sioux 8,Sioux
6,Rock Valley East,Sioux 10 - Rock Valley East,Sioux
7,Alton/Nassau/East Orange,Sioux 1,Sioux
8,Sioux Center Central,Sioux 14 - Sioux Center Central,Sioux
9,Rock Valley West/Rock,Sioux 11 - Rock Valley West,Sioux
10,Sioux Center North/Capel/Welcome,Sioux 13 - Sioux Center North,Sioux
11,Hawarden/Buncombe/Logan/Washington/Eagle South,Sioux 4,Sioux
12,Lincoln,Sioux 5,Sioux
13,Orange City No. 2/Holland East/Nassau,Sioux 7 - Orange City 2,Sioux
14,Orange City No. 1/Holland West,Sioux 6 - Orange City 1,Sioux
15,Sioux Center South,Sioux 15 - Sioux Center South,Sioux
0,West Precinct,Greene Co West,Greene
1,North Precinct,Greene Co North,Greene
2,Jefferson 1 Precinct,Jefferson Precinct 1,Greene
3,Central Precinct,Greene Co Central,Greene
4,Jefferson 2 Precinct,Jefferson Precinct 2,Greene
5,East Precinct,Greene Co East,Greene
6,Jefferson 3 Precinct,Jefferson Precinct 3,Greene
0,Rural Precinct 5,Boone-Rural Precinct 5,Boone
1,Rural Precinct 3,Boone-Rural Precinct 3,Boone
2,Madrid 3rd Ward,Madrid 3,Boone
3,Madrid 1st Ward,Madrid 1,Boone
4,Madrid 2nd Ward,Madrid 2,Boone
5,Rural Precinct 1,Boone-Rural Precinct 1,Boone
6,Ogden,Boone-City of Ogden,Boone
7,Rural Precinct 6,Boone-Rural Precinct 6,Boone
8,Rural Precinct 2,Boone-Rural Precinct 2,Boone
9,Rural Precinct 4,Boone-Rural Precinct 4,Boone
10,Boone 1st Ward,Boone 1,Boone
11,Boone 5th Ward,Boone 5,Boone
12,Boone 2nd Ward,Boone 2,Boone
13,Boone 3rd Ward,Boone 3,Boone
14,Boone 4th Ward &amp;amp; DSM Twp,Boone-Rural and Boone City 4,Boone
0,PRECINCT 2,Hamilton 2 - BL-LB-WM,Hamilton
1,PRECINCT 5,Hamilton 5 - LC-RG-SC,Hamilton
2,PRECINCT 1,Hamilton 1 - CA-FD-FMN-IN,Hamilton
3,WEBSTER CITY 3,Webster City 3,Hamilton
4,PRECINCT 4,Hamilton 4 - LY-EL,Hamilton
5,PRECINCT 3,Hamilton 3 - CL-HA-MN-WB,Hamilton
6,WEBSTER CITY 1,Webster City 1,Hamilton
7,WEBSTER CITY 2,Webster City 2,Hamilton
0,Cooper Township,Cooper,Webster
1,Newark,Newark,Webster
2,Washington Township,Washington,Webster
3,Johnson,Johnson,Webster
4,Lost Grove,Lost Grove,Webster
5,Fulton,Fulton,Webster
6,Fort Dodge #6,Fort Dodge 6,Webster
7,Colfax-Duncombe,Colfax/Duncombe,Webster
8,Clay-Roland,Clay/Roland,Webster
9,Elkhorn Township,Elkhorn,Webster
10,Deer Creek-Jackson,Deer Creek/Jackson,Webster
11,Sumner-Webster-Yell- Hardin,Sumner/Webster/Yell/Hardin,Webster
12,Fort Dodge #5,Fort Dodge 5,Webster
13,Gowrie,Gowrie,Webster
14,Douglas Township,Douglas,Webster
15,Fort Dodge #7,Fort Dodge 7,Webster
16,Fort Dodge #8,Fort Dodge 8,Webster
17,Fort Dodge #9,Fort Dodge 9,Webster
18,Dayton-Burnside,Dayton-Burnside,Webster
19,Otho-Pleasant Valley,Otho/Pleasant Valley,Webster
20,Badger-NW Cooper,Badger,Webster
21,Fort Dodge #3,Fort Dodge 3,Webster
22,Fort Dodge #4,Fort Dodge 4,Webster
23,Fort Dodge #12,Fort Dodge 12,Webster
24,Fort Dodge #10,Fort Dodge 10,Webster
25,Fort Dodge #2,Fort Dodge 2,Webster
26,Fort Dodge #1,Fort Dodge 1,Webster
27,Fort Dodge #11,Fort Dodge 11,Webster
0,PRECINCT 2,Grundy precinct 2,Grundy
1,PRECINCT 4,Grundy precinct 4,Grundy
2,PRECINCT 3,Grundy Precinct 3,Grundy
3,PRECINCT 1,Grundy precinct 1,Grundy
4,PRECINCT 7,Grundy precinct 7,Grundy
5,PRECINCT 5,Grundy Precinct 5,Grundy
6,PRECINCT 6,Grundy Precinct 6,Grundy
0,Alden/Buckeye,Hardin County Alden/ Buckeye Precinct,Hardin
1,Hardin/Ellis/Jackson,Hardin County Hardin/ Ellis/ Jackson Pct,Hardin
2,Eldora/Pleasant/Providence/Union,Hardin Cnty Eldora/ Pleasant/ Provid/ Union,Hardin
3,Iowa Falls #1,Hardin County Iowa Falls 1 Precinct,Hardin
4,Eldora City,Hardin County Eldora City Precinct,Hardin
5,Etna/Clay,Hardin County Etna/ Clay Precinct,Hardin
6,Concord/Sherman/Grant/Tipton,Hardin Cnty Concord/ Sherman/ Grant/ Tipton,Hardin
7,Iowa Falls #2,Hardin County Iowa Falls 2 Precinct,Hardin
0,8-NH,Butler 8 - NH,Butler
1,3-DU,Butler 3 - DU,Butler
2,4-AL,Butler 4 - AL,Butler
3,5-AP,Butler 5 - AP,Butler
4,1-GR,Butler 1 - GR,Butler
5,2-CL,Butler 2 - CL,Butler
6,7-PB,Butler 7 - PB,Butler
7,6-SR,Butler 6 - SR,Butler
0,Scott - Union - Pleasant Grove,Scott-Union-Pleasant Grove,Floyd
1,Rockford - Ulster,Rockford-Ulster,Floyd
2,Floyd - Cedar - Niles,Floyd-Cedar-Niles,Floyd
3,Charles City Corp / CC3,Charles City 3,Floyd
4,Charles City Corp / CC1,Charles City 1,Floyd
5,St. Charles - Riverton,St. Charles-Riverton,Floyd
6,Rock Grove - Rudd,Rock Grove-Rudd,Floyd
7,Charles City Corp / CC2,Charles City 2,Floyd
0,Grimes Twp - Meservey Pct,Grimes-Meservey,Cerro Gordo
1,Grimes Twp - Thornton Pct,Grimes-Thornton,Cerro Gordo
2,Falls Twp - Rock Falls Pct,Falls-Rock Falls,Cerro Gordo
3,Lake / Lincoln Twps Pct,Lake/Lincoln,Cerro Gordo
4,Lime Creek / Mason North Twps Pct,Lime Creek/Mason North,Cerro Gordo
5,Falls Twp - Plymouth Pct,Falls/Plymouth,Cerro Gordo
6,Mason South / Bath Twps Pct,Mason South/Bath,Cerro Gordo
7,Mt Vernon / Pleasant Valley Twps Pct,Mount Vernon/Pleasant Valley,Cerro Gordo
8,Portland / Owen / Dougherty Twps Pct,Portland/Owen/Dougherty,Cerro Gordo
9,Geneseo Twp Pct,Geneseo,Cerro Gordo
10,Mason City W-2 P-1,Mason City ward 2 precinct 1,Cerro Gordo
11,Mason City W-1 P-1,Mason City ward 1 precinct 1,Cerro Gordo
12,Mason City W-4 P-1,Mason City ward 4 precinct 1,Cerro Gordo
13,Mason City W-2 P-3,Mason City ward 2 precinct 3,Cerro Gordo
14,Mason City W-3 P-2,Mason City ward 3 precinct 2,Cerro Gordo
15,Mason City W-4 P-2,Mason City ward 4 precinct 2,Cerro Gordo
16,Mason City W-3 P-1,Mason City ward 3 precinct 1,Cerro Gordo
17,Mason City W-1 P-2,Mason City ward 1 precinct 2,Cerro Gordo
18,Clear Lake Ward 3,Clear Lake 3,Cerro Gordo
19,Mason City W-1 P-3,Mason City ward 1 precinct 3,Cerro Gordo
20,Clear Lake / Grant / Union Twps Pct,Clear Lake/Grant/Union,Cerro Gordo
21,Mason City W-4 P-3,Mason City ward 4 precinct 3,Cerro Gordo
22,Clear Lake Ward 1,Clear Lake 1,Cerro Gordo
23,Clear Lake Ward 2,Clear Lake 2,Cerro Gordo
24,Mason City W-2 P-2,Mason City ward 2 precinct 2,Cerro Gordo
25,Mason City W-3 P-3,Mason City ward 3 precinct 3,Cerro Gordo
0,WASHINGTON 1,Washington,Chickasaw
1,CHICKASAW,Chickasaw,Chickasaw
2,JACKSONVILLE - UTICA,Jasonville-Utica,Chickasaw
3,New Hampton Ward 2,New Hampton 2,Chickasaw
4,DEERFIELD - WASHINGTON 2,Deerfield-Washington,Chickasaw
5,DAYTON - RICHLAND,Dayton-Richland,Chickasaw
6,NEW HAMPTON RURAL,New Hampton,Chickasaw
7,New Hampton Ward 1,New Hampton 1,Chickasaw
8,STAPLETON,Stapleton,Chickasaw
9,New Hampton Ward 3,New Hampton 3,Chickasaw
10,New Hampton Ward 4,New Hampton 4,Chickasaw
11,DRESDEN - FREDERICKSBURG,Dresden-Fredericksburg,Chickasaw
12,BRADFORD,Bradford,Chickasaw
0,West Mott,Franklin County Precinct 10,Franklin
1,Wisner / Scott,Franklin County Precinct 12,Franklin
2,Grant / Osceola,Franklin County Precinct 2,Franklin
3,Hampton 1,Franklin County Precinct 4,Franklin
4,Oakland / Morgan,Franklin County Precinct 9,Franklin
5,Hamilton / Lee / Reeve,Franklin County Precinct 3,Franklin
6,Marion,Franklin County Precinct 8,Franklin
7,Geneva / Ingham / East Mott,Franklin County Precinct 1,Franklin
8,Hampton 4,Franklin County Precinct 7,Franklin
9,Hampton 2,Franklin County Precinct 5,Franklin
10,Hampton 3,Franklin County Precinct 6,Franklin
11,Richland / Ross / West Fork,Franklin County Precinct 11,Franklin
0,43 OTO/OTO TWP,Woodbury 43,Woodbury
1,44 CUSHING/ROCK TWP,Woodbury 44,Woodbury
2,42 SMITHLAND/LITTLE SIOUX,Woodbury 42,Woodbury
3,39 HORNICK/WILLOW TWP,Woodbury 39,Woodbury
4,33 PIERSON/RUTLAND TWP,Woodbury 33,Woodbury
5,37 CLIMBING HILL/GRT-WES,Woodbury 37,Woodbury
6,9 BOYS &amp; GIRLS HOME,Woodbury 9/Sioux City 9,Woodbury
7,40 ANTHON/MILLER TWP,Woodbury 40,Woodbury
8,41 DANBURY/LIS-MOR TWP,Woodbury 41,Woodbury
9,11 GIRLS INC,Woodbury 11/Sioux City 11,Woodbury
10,20 AUGUSTANA LUTHERAN,Woodbury 20/Sioux City 20,Woodbury
11,34 C'VILLE/KED-UNI TWP,Woodbury 34,Woodbury
12,38 SLOAN/SLOAN TWP,Woodbury 38,Woodbury
13,8 MT. ZION BAPTIST CHURCH,Woodbury 8/Sioux City 8,Woodbury
14,4 SIOUXLAND CENTER,Woodbury 4/Sioux City 4,Woodbury
15,32 BRONSON/FLO-GRG TWP,Woodbury 32,Woodbury
16,31 SALIX/LIB-LAK TWP,Woodbury 31,Woodbury
17,14 BOYS &amp; GIRLS HOME,Woodbury 14/Sioux City 14,Woodbury
18,13 SC TRANSIT SYSTEM,Woodbury 13/Sioux City 13,Woodbury
19,36 LAWTON/BANNER TWP,Woodbury 36,Woodbury
20,2 CROSS POINTE CHURCH,Woodbury 2/Sioux City 2,Woodbury
21,21 M'SIDE LUTHERAN CHURCH,Woodbury 21/Sioux City 21,Woodbury
22,7 BRYANT/CRESCENT PARK,Woodbury 7/Sioux City 7,Woodbury
23,16 TRIMBLE UNITED METH CH,Woodbury 16/Sioux City 16,Woodbury
24,5 RIVERSIDE LUTHERAN,Woodbury 5/Sioux City 5,Woodbury
25,25 M'SIDE COLLEGE EPPLEY,Woodbury 25/Sioux City 25,Woodbury
26,23 IGLESIA RESTAURACION,Woodbury 23/Sioux City 23,Woodbury
27,6 FAITH LUTHERAN CHURCH,Woodbury 6/Sioux City 6,Woodbury
28,24 WASHINGTON HEIGHTS,Woodbury 24/Sioux City 24,Woodbury
29,18 CALVARY LUTHERAN,Woodbury 18/Sioux City 18,Woodbury
30,27 ST JAMES UNITED METH.,Woodbury 27/Sioux City 27,Woodbury
31,35 MOVILLE/ARL-MOV-WOL TW,Woodbury 35,Woodbury
32,30 SGT BLUFF WEST,Woodbury 30,Woodbury
33,3 CONCORDIA LUTHERAN,Woodbury 3/Sioux City 3,Woodbury
34,1 CHURCH OF JESUS CHRIST,Woodbury 1/Sioux City 1,Woodbury
35,22 MORNINGSIDE LIBRARY,Woodbury 22/Sioux City 22,Woodbury
36,15 PEACE REFORMED/CONCORD,Woodbury 15,Woodbury
37,12 ST JOHN LUTHERAN,Woodbury 12/Sioux City 12,Woodbury
38,17 SC BAPTIST CHURCH,Woodbury 17/Sioux City 17,Woodbury
39,26 MSIDE BIBLE CHURCH,Woodbury 26/Sioux City 26,Woodbury
40,10 FIRST CONGREGATIONAL,Woodbury 10/Sioux City 10,Woodbury
41,19 CENTRAL BAPTIST CHURCH,Woodbury 19/Sioux City 19,Woodbury
42,29 SGT BLUFF EAST/WDBY,Woodbury 29,Woodbury
43,28 REDEEMER LUTHERAN,Woodbury 28,Woodbury
0,CR 1,Kossuth 15,Kossuth
1,UN,Kossuth 8,Kossuth
2,"IV, PC",Kossuth 10,Kossuth
3,LC,Kossuth 7,Kossuth
4,"GW, SN",Kossuth 3,Kossuth
5,PC,Kossuth 9,Kossuth
6,CR 2,Kossuth 16,Kossuth
7,"LV, SM",Kossuth 14,Kossuth
8,"HB, LY, LN, SF",Kossuth 2,Kossuth
9,"PR, WL",Kossuth 11,Kossuth
10,"BF, PT",Kossuth 6,Kossuth
11,"GF, WM",Kossuth 12,Kossuth
12,"GM, RM",Kossuth 4,Kossuth
13,"EG, GT, HS, SW",Kossuth 1,Kossuth
14,"CR, IV, RV",Kossuth 13,Kossuth
15,AL1,Kossuth 17/Algona 1,Kossuth
16,AL4,Kossuth 20/Algona 4,Kossuth
17,"BT, FT, UN",Kossuth 5,Kossuth
18,AL3,Kossuth 19/Algona 3,Kossuth
19,AL2,Kossuth 18/Algona 2,Kossuth
0,Precinct #10,Hancock County Precinct 10,Hancock
1,Precinct #5,Hancock County Precinct 5,Hancock
2,Precinct #3,Hancock County Precinct 3,Hancock
3,Precinct #2,Hancock County Precinct 2,Hancock
4,Precinct #8,Hancock County Precinct 8,Hancock
5,Precint #7,Hancock County Precinct 7,Hancock
6,Precinct #9,Hancock County Precinct 9,Hancock
7,Precinct #1,Hancock County Precinct 1,Hancock
8,Precinct #4,Hancock County Precinct 4,Hancock
9,Precinct #6,Hancock County Precinct 6,Hancock
0,Eagle Grove #1,Eagle Grove ward 1,Wright
1,Eagle Grove #2,Eagle Grove ward 2,Wright
2,Eagle Grove #4,Eagle Grove ward 4,Wright
3,Dows,Dows,Wright
4,Rural Eagle Grove,Rural Eagle Grove,Wright
5,Goldfield,Goldfield,Wright
6,Eagle Grove #3,Eagle Grove ward 3,Wright
7,Big 6,Big 6,Wright
8,Clarion,Clarion,Wright
9,Belmond,Belmond,Wright
0,EL-LN-Dolliver,Emmet County Precinct 4,Emmet
1,CN-SL-Gruver,Emmet County Precinct 2,Emmet
2,DM-JC-Ringsted,Emmet County Precinct 3,Emmet
3,Emmet-Estherville,Emmet County Precinct 5,Emmet
4,HL-TM-Wallingford,Emmet County Precinct 11,Emmet
5,Estherville Ward 5,Estherville Precinct/ Ward 5,Emmet
6,Estherville Ward 4,Estherville Precinct/ Ward 4,Emmet
7,Estherville Ward 2,Estherville Precinct/ Ward 2,Emmet
8,Estherville Ward 3,Estherville Precinct/ Ward 3,Emmet
9,AG-IL-Armstrong,Emmet County Precinct 1,Emmet
10,Estherville Ward 1,Estherville Precinct/ Ward 1,Emmet
0,Mt. Valley Forest D2,Winnebago Precinct 2-3,Winnebago
1,Eden Logan Norway,Winnebago Precinct 2-1,Winnebago
2,King Linden,Winnebago Precinct 3-2,Winnebago
3,Forest City Ward 4,Winnebago Precinct 1-4,Winnebago
4,Forest City Ward 2,Winnebago Precinct 1-3,Winnebago
5,Newton Forest D1,Winnebago Precinct 1-1,Winnebago
6,FC3 Forest D3,Winnebago Precinct 3-3,Winnebago
7,Forest City Ward 1,Winnebago Precinct 1-2,Winnebago
8,Buffalo Grant Lincoln,Winnebago Precinct 3-1,Winnebago
9,Center,Winnebago Precinct 2-2,Winnebago
0,Cedar,Calhoun County Precinct 3,Calhoun
1,Greenfield &amp;amp; Lincoln 2,Calhoun County Precinct 5,Calhoun
2,Union,Calhoun County Precinct 10,Calhoun
3,Reading,Calhoun County Precinct 7,Calhoun
4,Sherman,Calhoun County Precinct 9,Calhoun
5,"Center, Logan, Twin Lakes, Garfield and Lake Creek",Calhoun County Precinct 4,Calhoun
6,Butler Williams,Calhoun County Precinct 1,Calhoun
7,Rockwell City,Calhoun County Precinct 8,Calhoun
8,Lincoln 1,Calhoun County Precinct 6,Calhoun
9,"Calhoun, Jackson, Elm Grove, &amp;amp; Lake City",Calhoun County Precinct 2,Calhoun
0,South Lake-North Norway,Humboldt County S Lake/ N Norway Pct,Humboldt
1,North Lake-East Vernon,Humboldt County North Lake East Vernon Pct,Humboldt
2,Avery-North Weaver,Humboldt County Avery/North Weaver Precinct,Humboldt
3,Humboldt-West Vernon,Humboldt County Humboldt West Vernon Precin,Humboldt
4,Delana-Wacousta-N. Rutland,Humboldt County Wacousta/ Delana/ N Rutland,Humboldt
5,Dakota City-Grove,Humboldt County Dakota City/ Grove Pct,Humboldt
6,Humboldt 2-Beaver-S. Norway,Humboldt County Precinct 2,Humboldt
7,Humboldt 3-South Rutland,Humboldt County Precinct 3,Humboldt
8,Humboldt 1-Corinth-S. Weaver,Humboldt County Precinct 1,Humboldt
0,Grant-S Marshall-S Sherman,Pocahontas County Precinct 3,Pocahontas
1,Poc #2 - Cent - S Roos - N Lin - N Lake - S Gar,Pocahontas County Precinct 5,Pocahontas
2,Bellville- Lizard - S Lincoln - S Lake,Pocahontas County Precinct 7,Pocahontas
3,Cedar - Colfax - Dover,Pocahontas County Precinct 6,Pocahontas
4,Swan Lake-N Marshall,Pocahontas County Precinct 1,Pocahontas
5,DM - Cum - Pow - N Gar -N Sher- N Roos,Pocahontas County Precinct 2,Pocahontas
6,Pocahontas #1,Pocahontas County Precinct 4,Pocahontas
0,SL02,Storm Lake 2,Buena Vista
1,TRWG,Truesdale-Washington-Grant,Buena Vista
2,ACFC,Albert City-Fairfield-Coon,Buena Vista
3,NENP,Newell-Newell-Providence,Buena Vista
4,LKHM,Lakeside-Hayes-Maple Valley,Buena Vista
5,SL01,Storm Lake 1,Buena Vista
6,SL04,Storm Lake 4,Buena Vista
7,SL03,Storm Lake 3,Buena Vista
8,ALNE,Alta-Nokomis-Elk,Buena Vista
9,SMLR,Sioux Rapids-Marathon-Linn Grove-Rembrandt,Buena Vista
0,Nemaha,Nemaha,Sac
1,Auburn,Auburn,Sac
2,Lytton,Lytton,Sac
3,Early,Early,Sac
4,Wall Lake,Wall Lake,Sac
5,Schaller,Schaller,Sac
6,Odebolt,Odebolt,Sac
7,Lake View,Lake View,Sac
8,Sac City,Sac City,Sac
0,Precinct #2 - South 1/2,Exira,Audubon
1,Precinct #1 - North 1/2,Audubon,Audubon
0,Charter Oak,Charter Oak,Crawford
1,DCAB Precinct,"Dow City, Arion, and Buck Grove",Crawford
2,SRK Precinct,"Schleswig, Ricketts, and Kiron",Crawford
3,Denison 1st Ward,Denison 1,Crawford
4,Northeast Precinct,Northeast,Crawford
5,Denison 2nd Ward - Denison Township,Denison 2,Crawford
6,Southeast Precinct,Southeast,Crawford
7,Denison 3rd Ward - Goodrich Township,Denison 3,Crawford
0,Eden Precinct,Carroll Precinct 12,Carroll
1,Arcadia Precinct,Carroll Precinct 7,Carroll
2,Pleasant Valley-Newton Precinct,Carroll Precinct 10,Carroll
3,Washington-Roselle Precinct,Carroll Precinct 9,Carroll
4,Wheatland-Kniest Precinct,Carroll Precinct 5,Carroll
5,Sheridan-Grant-Jasper Precinct,Carroll Precinct 6,Carroll
6,Union Precinct,Carroll Precinct 13,Carroll
7,Glidden-Richland Precinct,Carroll Precinct 8,Carroll
8,Ewoldt Precinct,Carroll Precinct 11,Carroll
9,Carroll Ward Four,Carroll Precinct 4,Carroll
10,Carroll Ward Three &amp; S1/2 Maple River,Carroll Precinct 3,Carroll
11,Carroll Ward One,Carroll Precinct 1,Carroll
12,Carroll Ward Two &amp;amp; N1/2 Maple River,Carroll Precinct 2,Carroll
0,Harlan Ward 1,Harlan 1,Shelby
1,Harlan Ward 4,Harlan 4,Shelby
2,Shelby Hall,Fairview-Shelby,Shelby
3,Library Elk Horn,Clay-Monroe,Shelby
4,Irwin Hall,Douglas-Greeley-Jefferson-Polk,Shelby
5,Harlan Ward 2,Harlan 2,Shelby
6,Harlan Ward 3,Harlan 3,Shelby
7,Therkildsen-Harlan,Cass-Center-Jackson-Lincoln,Shelby
8,St. Josephs Hall Earling,Grove-Union-Washington-Westphalia,Shelby
0,#1 Little Sioux,Harrison 1,Harrison
1,#6 Boyer/Lincoln,Harrison 6,Harrison
2,#2 Pisgah,Harrison 2,Harrison
3,#4 Mondamin,Harrison 4,Harrison
4,#8 Modale,Harrison 8,Harrison
5,#9 Jefferson/LaGrange,Harrison 9,Harrison
6,#5 Magnolia,Harrison 5,Harrison
7,#13 Persia,Harrison 13,Harrison
8,#10 Logan,Harrison 10,Harrison
9,#3 Dunlap,Harrison 3,Harrison
10,#11 St John,Harrison 11,Harrison
11,#7 Woodbine,Harrison 7,Harrison
12,#12 Missouri Valley,Harrison 12,Harrison
0,Castana-Center-Jordan,CN002,Monona
1,St. Clair-Ute,STC11,Monona
2,Onawa Ward 1,ON106,Monona
3,Onawa Ward 4,ON409,Monona
4,Sherman-SE Franklin-Blencoe-Sioux,SH010,Monona
5,Onawa Ward 3,ON308,Monona
6,Onawa Ward 2 -NE Franklin,ON207,Monona
7,Moorhead-Soldier-Soldier City-Spring Valley-Willow,MH005,Monona
8,AS-BV-KB-LN-NW FR-TU,AS001,Monona
9,Fairview-Grant-Lake-Rodney-West Fork-Whiting,FV004,Monona
10,Cooper-Maple-Mapleton,CP003,Monona
0,Galva City / Galva Twp,Ida 5,Ida
1,Ida Grove Ward 1,Ida 1 - Ida Grove 1,Ida
2,Ida Grove Ward 2,Ida 2 - Ida Grove 2,Ida
3,Arthur / Blaine / Hayes / Silver Creek,Ida 4,Ida
4,Ida Grove Ward 3 / Corwin,Ida 3 - Ida Grove 3,Ida
5,Battle Creek / MP / GF / GR / BT / LG,Ida 7,Ida
6,Holstein / Griggs / Douglas,Ida 6,Ida
0,DES MOINES 72,Des Moines Precinct 72,Polk
1,MADISON,Madison Precinct 1,Polk
2,GRANGER,Polk County Granger 1,Polk
3,DES MOINES 48,Des Moines Precinct 48,Polk
4,ALLEN,Polk County Allen 1,Polk
5,DES MOINES 67,Des Moines Precinct 67,Polk
6,SHELDAHL,Polk County Union Sheldahl,Polk
7,WASHINGTON,Polk County Washington,Polk
8,DELAWARE 2,Polk County Delaware 2,Polk
9,WEBSTER,Polk County Webster 1,Polk
10,DES MOINES 34,Des Moines Precinct 34,Polk
11,DES MOINES 35,Des Moines Precinct 35,Polk
12,DES MOINES 49,Des Moines Precinct 49,Polk
13,DES MOINES 5,Des Moines Precinct 5,Polk
14,DES MOINES 19,Des Moines Precinct 19,Polk
15,DES MOINES 53,Des Moines Precinct 53,Polk
16,DES MOINES 18,Des Moines Precinct 18,Polk
17,ALLEMAN,Polk County Alleman 1,Polk
18,DES MOINES 74,Des Moines Precinct 74,Polk
19,DES MOINES 33,Des Moines Precinct 33,Polk
20,DES MOINES 52,Des Moines Precinct 52,Polk
21,DES MOINES 84,Des Moines Precinct 84,Polk
22,DES MOINES 54,Des Moines Precinct 54,Polk
23,DES MOINES 51,Des Moines Precinct 51,Polk
24,DES MOINES 45,Des Moines Precinct 45,Polk
25,DES MOINES 37,Des Moines Precinct 37,Polk
26,CLAY,Polk County Clay Precinct 1,Polk
27,WEST DES MOINES 318,West Des Moines Precinct 318,Polk
28,DES MOINES 38,Des Moines Precinct 38,Polk
29,DES MOINES 24,Des Moines Precinct 24,Polk
30,DES MOINES 6,Des Moines Precinct 6,Polk
31,DES MOINES 46,Des Moines Precinct 46,Polk
32,DES MOINES 1,Des Moines Precinct 1,Polk
33,DES MOINES 40,Des Moines Precinct 40,Polk
34,DES MOINES 23,Des Moines Precinct 23,Polk
35,DES MOINES 12,Des Moines Precinct 12,Polk
36,DES MOINES 68,Des Moines Precinct 68,Polk
37,DES MOINES 70,Des Moines Precinct 70,Polk
38,DOUGLAS,Polk County Douglas 1,Polk
39,DES MOINES 4,Des Moines Precinct 4,Polk
40,WEST DES MOINES 313,West Des Moines Precinct 313,Polk
41,WEST DES MOINES 314,West Des Moines Precinct 314,Polk
42,DES MOINES 36,Des Moines Precinct 36,Polk
43,DES MOINES 8,Des Moines Precinct 8,Polk
44,DES MOINES 32,Des Moines Precinct 32,Polk
45,DES MOINES 30,Des Moines Precinct 30,Polk
46,DES MOINES 17,Des Moines Precinct 17,Polk
47,CLIVE 1,Clive Precinct 1,Polk
48,DES MOINES 57,Des Moines Precinct 57,Polk
49,WEST DES MOINES 112,West Des Moines Precinct 112,Polk
50,DES MOINES 14,Des Moines Precinct 14,Polk
51,DES MOINES 77,Des Moines Precinct 77,Polk
52,DES MOINES 27,Des Moines Precinct 27,Polk
53,DES MOINES 25,Des Moines Precinct 25,Polk
54,DES MOINES 2,Des Moines Precinct 2,Polk
55,WEST DES MOINES 211,West Des Moines Precinct 211,Polk
56,DES MOINES 13,Des Moines Precinct 13,Polk
57,FRANKLIN,Polk County Franklin 1,Polk
58,ALTOONA 1,Altoona Precinct 1,Polk
59,WINDSOR HEIGHTS 1,Windsor Heights Precinct 1,Polk
60,ELKHART,Polk County Elkhart 1,Polk
61,DES MOINES 47,Des Moines Precinct 47,Polk
62,DELAWARE 1,Polk County Delaware 1,Polk
63,DES MOINES 82,Des Moines Precinct 82,Polk
64,DES MOINES 22,Des Moines Precinct 22,Polk
65,DES MOINES 76,Des Moines Precinct 76,Polk
66,DES MOINES 78,Des Moines Precinct 78,Polk
67,DES MOINES 50,Des Moines Precinct 50,Polk
68,CROCKER 2,Polk County Crocker 2,Polk
69,DES MOINES 75,Des Moines Precinct 75,Polk
70,DES MOINES 31,Des Moines Precinct 31,Polk
71,DES MOINES 81,Des Moines Precinct 81,Polk
72,DES MOINES 20,Des Moines Precinct 20,Polk
73,WINDSOR HEIGHTS 2,Windsor Heights Precinct 2,Polk
74,DES MOINES 21,Des Moines Precinct 21,Polk
75,DES MOINES 64,Des Moines Precinct 64,Polk
76,DES MOINES 79,Des Moines Precinct 79,Polk
77,DES MOINES 69,Des Moines Precinct 69,Polk
78,GRIMES 3,Grimes Precinct 3,Polk
79,WEST DES MOINES 213,West Des Moines Precinct 213,Polk
80,WEST DES MOINES 113,West Des Moines Precinct 113,Polk
81,WEST DES MOINES 115,West Des Moines Precinct 115,Polk
82,WINDSOR HEIGHTS 3,Windsor Heights Precinct 3,Polk
83,WEST DES MOINES 118,West Des Moines Precinct 118,Polk
84,RUNNELLS,Polk County Runnells 1,Polk
85,WEST DES MOINES 111,West Des Moines Precinct 111,Polk
86,DES MOINES 83,Des Moines Precinct 83,Polk
87,DES MOINES 60,Des Moines Precinct 60,Polk
88,DES MOINES 26,Des Moines Precinct 26,Polk
89,SAYLOR 2,Polk County Saylor 2/ Des Moines Prct 5A,Polk
90,BONDURANT 1,Polk County Bondurant 1,Polk
91,JOHNSTON 6,Polk County Johnston Precinct 6,Polk
92,DES MOINES 7,Des Moines Precinct 7,Polk
93,DES MOINES 29,Des Moines Precinct 29,Polk
94,DES MOINES 58,Des Moines Precinct 58,Polk
95,DES MOINES 59,Des Moines Precinct 59,Polk
96,FOUR MILE,Polk County Four Mile 1,Polk
97,DES MOINES 9,Des Moines Precinct 9,Polk
98,JEFFERSON,Polk County Jefferson 1,Polk
99,DES MOINES 63,Des Moines Precinct 63,Polk
100,DES MOINES 61,Des Moines Precinct 61,Polk
101,WEST DES MOINES 315,West Des Moines Precinct 315,Polk
102,MITCHELLVILLE,Polk County Mitchellville 1,Polk
103,CROCKER 1,Polk County Crocker 1,Polk
104,CLIVE 2,Clive Precinct 2,Polk
105,DES MOINES 43,Des Moines Precinct 43,Polk
106,DES MOINES 11,Des Moines Precinct 11,Polk
107,DES MOINES 3,Des Moines Precinct 3,Polk
108,DES MOINES 28,Des Moines Precinct 28,Polk
109,WEST DES MOINES 117,West Des Moines Precinct 117,Polk
110,DES MOINES 10,Des Moines Precinct 10,Polk
111,DES MOINES 44,Des Moines Precinct 44,Polk
112,URBANDALE 1,Urbandale Precinct 1,Polk
113,ANKENY 7,Ankeny Precinct 7,Polk
114,DES MOINES 73,Des Moines Precinct 73,Polk
115,ALTOONA 2,Altoona Precinct 2,Polk
116,DES MOINES 71,Des Moines Precinct 71,Polk
117,DES MOINES 80,Des Moines Precinct 80,Polk
118,SAYLOR 1,Polk County Saylor 1,Polk
119,BONDURANT 2,Polk County Bondurant 2,Polk
120,WEST DES MOINES 312,West Des Moines Precinct 312,Polk
121,WEST DES MOINES 116,West Des Moines Precinct 116,Polk
122,URBANDALE 5,Urbandale Precinct 5,Polk
123,ANKENY 10,Ankeny Precinct 10,Polk
124,PLEASANT HILL 2,Pleasant Hill Precinct 2,Polk
125,URBANDALE 8,Urbandale Precinct 8,Polk
126,ANKENY 3,Ankeny Precinct 3,Polk
127,URBANDALE 3,Urbandale Precinct 3,Polk
128,URBANDALE 6,Urbandale Precinct 6,Polk
129,WEST DES MOINES 311,West Des Moines Precinct 311,Polk
130,ANKENY 15,Ankeny Precinct 15,Polk
131,PLEASANT HILL 1,Pleasant Hill Precinct 1,Polk
132,DES MOINES 56,Des Moines Precinct 56,Polk
133,JOHNSTON 3,Polk County Johnston Precinct 3,Polk
134,DES MOINES 65,Des Moines Precinct 65,Polk
135,ANKENY 11,Ankeny Precinct 11,Polk
136,URBANDALE 4,Urbandale Precinct 4,Polk
137,ANKENY 4,Ankeny Precinct 4,Polk
138,URBANDALE 11,Urbandale Precinct 11,Polk
139,PLEASANT HILL 3,Pleasant Hill Precinct 3,Polk
140,DES MOINES 66,Des Moines Precinct 66,Polk
141,URBANDALE 2,Urbandale Precinct 2,Polk
142,URBANDALE 10,Urbandale Precinct 10,Polk
143,WEST DES MOINES 212,West Des Moines Precinct 212,Polk
144,WEST DES MOINES 317,West Des Moines Precinct 317,Polk
145,DES MOINES 39,Des Moines Precinct 39,Polk
146,WEST DES MOINES 316,West Des Moines Precinct 316,Polk
147,URBANDALE 9,Urbandale Precinct 9,Polk
148,DES MOINES 42,Des Moines Precinct 42,Polk
149,ANKENY 9,Ankeny Precinct 9,Polk
150,ANKENY 6,Ankeny Precinct 6,Polk
151,CLIVE 4,Clive Precinct 4,Polk
152,ANKENY 5,Ankeny Precinct 5,Polk
153,ANKENY 8,Ankeny Precinct 8,Polk
154,WEST DES MOINES 114,West Des Moines Precinct 114,Polk
155,JOHNSTON 2,Polk County Johnston Precinct 2,Polk
156,DES MOINES 55,Des Moines Precinct 55,Polk
157,DES MOINES 16,Des Moines Precinct 16,Polk
158,ALTOONA 4,Altoona Precinct 4,Polk
159,JOHNSTON 4,Polk County Johnston Precinct 4,Polk
160,ANKENY 14,Ankeny Precinct 14,Polk
161,URBANDALE 7,Urbandale Precinct 7,Polk
162,JOHNSTON 1,Polk County Johnston Precinct 1,Polk
163,DES MOINES 41,Des Moines Precinct 41,Polk
164,CLIVE 3,Clive Precinct 3,Polk
165,DES MOINES 15,Des Moines Precinct 15,Polk
166,ANKENY 2,Ankeny Precinct 2,Polk
167,ALTOONA 3,Altoona Precinct 3,Polk
168,ALTOONA 5,Altoona Precinct 5,Polk
169,GRIMES 2,Grimes Precinct 2,Polk
170,DES MOINES 62,Des Moines Precinct 62,Polk
171,POLK CITY,Polk County Polk City,Polk
172,GRIMES 1,Grimes Precinct 1,Polk
173,JOHNSTON 5,Polk County Johnston Precinct 5,Polk
174,ANKENY 13,Ankeny Precinct 13,Polk
175,ANKENY 12,Ankeny Precinct 12,Polk
176,ANKENY 1,Ankeny Precinct 1,Polk
0,4 SE,Adair 4SE,Adair
1,3 SW,Adair 3SW,Adair
2,2 NE,Adair 2NE,Adair
3,1 NW,Adair 1NW,Adair
4,5 GF,Adair 5 GF,Adair
0,Edna/Victoria Twp,Cass 9,Cass
1,Union Twp/Cumberland,Cass 13,Cass
2,Benton/Franklin Twp/Wiota,Cass 7 - Benton and Franklin/Wiota,Cass
3,Massena Twp/Massena City,Cass 12,Cass
4,Bear Grove/Cass Twp/Lewis,Cass 6 - Bear Grove and Cass/Lewis,Cass
5,Atlantic 1,Cass 1/Atlantic 1,Cass
6,Atlantic 2,Cass 2/Atlantic 2,Cass
7,Grant/Lincoln Twp/Anita,Cass 10,Cass
8,Atlantic 3,Cass 3/Atlantic 3,Cass
9,Brighton/Grove/Pymosa/Washington Twp/Marne,Cass 8,Cass
10,Atlantic 5,Cass 5/Atlantic 5,Cass
11,Noble/Pleasant Twp/Griswold,Cass 11,Cass
12,Atlantic 4,Cass 4/Atlantic 4,Cass
0,White,Guthrie - White,Guthrie
1,Red,Guthrie - Red,Guthrie
2,Black,Guthrie - Black,Guthrie
3,Brown,Guthrie - Brown,Guthrie
4,Green,Guthrie - Green,Guthrie
5,Purple,Guthrie - Purple,Guthrie
6,Gold,Guthrie - Gold,Guthrie
7,Blue,Guthrie - Blue,Guthrie
0,Macedonia,Macedonia,Pottawattamie
1,Hancock,Hancock,Pottawattamie
2,Walnut,Walnut,Pottawattamie
3,Carson,Carson,Pottawattamie
4,GLWCW,GLWCW,Pottawattamie
5,McClelland,McClelland,Pottawattamie
6,Carter Lake 2,Carter Lake 2,Pottawattamie
7,Carter Lake 1,Carter Lake 1,Pottawattamie
8,Minden,Minden,Pottawattamie
9,CB 01,Council Bluffs 1,Pottawattamie
10,CB 13,Council Bluffs 13,Pottawattamie
11,CB 14,Council Bluffs 14,Pottawattamie
12,CB 19,Council Bluffs 19,Pottawattamie
13,CB 21,Council Bluffs 21,Pottawattamie
14,CB 15,Council Bluffs 15,Pottawattamie
15,CB 03,Council Bluffs 3,Pottawattamie
16,CB 16,Council Bluffs 16,Pottawattamie
17,CB 04,Council Bluffs 4,Pottawattamie
18,Avoca,Avoca,Pottawattamie
19,CB 20,Council Bluffs 20,Pottawattamie
20,CB 05,Council Bluffs 5,Pottawattamie
21,Treynor,Treynor,Pottawattamie
22,Neola,Neola,Pottawattamie
23,CB 18,Council Bluffs 18,Pottawattamie
24,Oakland,Oakland,Pottawattamie
25,CB 02,Council Bluffs 2,Pottawattamie
26,CB 17,Council Bluffs 17,Pottawattamie
27,CB 09,Council Bluffs 9,Pottawattamie
28,CB 06,Council Bluffs 6,Pottawattamie
29,CB 07,Council Bluffs 7,Pottawattamie
30,Lewis 1,Lewis 1,Pottawattamie
31,CB 11,Council Bluffs 11,Pottawattamie
32,CB 12,Council Bluffs 12,Pottawattamie
33,Lewis 2,Lewis 2,Pottawattamie
34,Crescent,Crescent,Pottawattamie
35,Underwood,Underwood,Pottawattamie
36,CB 08,Council Bluffs 8,Pottawattamie
37,CB 10B,Council Bluffs 10B,Pottawattamie
38,CB 10A,Council Bluffs 10A,Pottawattamie
39,Garner,Garner,Pottawattamie
0,AR - Arispe,Arispe,Union
1,LR - Lorimor,Lorimor,Union
2,CS1 - Salem Lutheran Church,Creston 1,Union
3,CS4 - Supertel,Creston 4,Union
4,CS3 - Trinity Lutheran Church,Creston 3,Union
5,Afton,Afton,Union
6,CS5 - Crest Baptist Church,Creston 5,Union
7,CS2 - SWCC,Creston 2,Union
0,Adams 1,Adams County District 1,Adams
1,Adams 5,Adams County District 5,Adams
2,Adams 2,Adams County District 2,Adams
3,Adams 3,Adams County District 3,Adams
4,Adams 4,Adams County District 4,Adams
0,Blockton,Taylor 1-1,Taylor
1,Clearfield,Taylor 2-1,Taylor
2,Gravity,Taylor 3-1,Taylor
3,Bedford Township - Legion,Taylor 7-3,Taylor
4,New Market,Taylor 4-1,Taylor
5,Bedford City - Legion,Taylor 6-3,Taylor
6,Lenox,Taylor 5-2,Taylor
0,#5 Grant Fire Station,Montgomery Precinct 5,Montgomery
1,#4 Elliott Community Building,Montgomery Precinct 4,Montgomery
2,#7 Villisca Community Building,Montgomery Precinct 7,Montgomery
3,#6 Stanton Fire Station,Montgomery Precinct 6,Montgomery
4,#2 Red Oak Fire Station,Montgomery Precinct 2,Montgomery
5,#1 Gold Fair Building,Montgomery Precinct 1,Montgomery
6,#3 First Christian Church,Montgomery Precinct 3,Montgomery
0,TINGLEY,Tingley,Ringgold
1,CLINTON,Clinton,Ringgold
2,UNION,Union,Ringgold
3,ATHENS,Athens,Ringgold
4,WASHINGTON,Washington,Ringgold
5,MOUNT AYR 1,M1,Ringgold
6,MOUNT AYR 2,M2,Ringgold
0,Deer Creek / White Cloud,Mills-Deer Creek/White Cloud,Mills
1,Henderson / Anderson,Mills-Henderson/Anderson,Mills
2,Silver City / Ingraham,Mills-Silver City/Ingraham,Mills
3,Emerson / Hastings / Indian Creek Twp,Mills-Emerson/Hastings/Indian Creek,Mills
4,Pacific Junction / Lyons / Plattville,Mills-PacificJunction/Plattville/Lyons,Mills
5,Glenwood Ward 1,Glenwood 1,Mills
6,Glenwood Ward 2,Glenwood 2,Mills
7,Glenwood Township,Mills-Glenwood township,Mills
8,Glenwood Ward 3,Glenwood 3,Mills
9,Malvern / Tabor / Center / Rawles / Silver Creek,Mills-Malvern/Tabor/SliverCrk/Centr/Rawls,Mills
10,Oak / St. Mary,Mills-Oak/Saint Marys,Mills
0,H03 - Humeston,H03 - Wayne county precinct,Wayne
1,A01 - Allerton,A01 - Wayne county precinct,Wayne
2,S04 - Seymour,S04 - Wayne county precinct,Wayne
3,C02 - Corydon,C02 - Wayne county precinct,Wayne
0,(DH) City of Donahue,Donahue,Scott
1,(RV) City of Riverdale,Riverdale,Scott
2,(AG) Allens's Grove Township,Allen's Grove,Scott
3,(B23) City of Bettendorf,Bettendorf ward 2 precinct 3,Scott
4,(HG) Hickory Grove Township,Hickory Grove,Scott
5,(LB) Liberty Township,Liberty,Scott
6,(BF) City of Buffalo,Buffalo,Scott
7,(LG) City of Long Grove,Long Grove,Scott
8,(WF) Winfield Township,Winfield,Scott
9,(MC) City of McCausland,McCausland,Scott
10,(D32) City of Davenport,Davenport 32,Scott
11,(PV) Pleasant Valley,Pleasant Valley,Scott
12,(D33) City of Davenport,Davenport 33,Scott
13,(PR) City of Princeton,Princeton,Scott
14,(D34) City of Davenport,Davenport 34,Scott
15,(D44) City of Davenport,Davenport 44,Scott
16,(D74) City of Davenport,Davenport 74,Scott
17,(D54) City of Davenport,Davenport 54,Scott
18,(LCT) Leclaire Township,LeClaire,Scott
19,(D31) City of Davenport,Davenport 31,Scott
20,(WC) City of Walcott,Walcott,Scott
21,(D14) City of Davenport,Davenport 14,Scott
22,(B21) City of Bettendorf,Bettendorf ward 2 precinct 1,Scott
23,(D22) City of Davenport,Davenport 22,Scott
24,(D81) City of Davenport,Davenport 81,Scott
25,(D42) City of Davenport,Davenport 42,Scott
26,(D23) City of Davenport,Davenport 23,Scott
27,(D12) City of Davenport,Davenport 12,Scott
28,(D52) City of Davenport,Davenport 52,Scott
29,(LC2) City of Leclaire,LeClaire 2,Scott
30,(LC1) City of Leclaire,LeClaire 1,Scott
31,(D24) City of Davenport,Davenport 24,Scott
32,(D43) City of Davenport,Davenport 43,Scott
33,(D11) City of Davenport,Davenport 11,Scott
34,(D53) City of Davenport,Davenport 53,Scott
35,(D21) City of Davenport,Davenport 21,Scott
36,(D73) City of Davenport,Davenport 73,Scott
37,(BG) Blue Grass Township,Blue Grass,Scott
38,(D13) City of Davenport,Davenport 13,Scott
39,(D41) City of Davenport,Davenport 41,Scott
40,(D72) City of Davenport,Davenport 72,Scott
41,(D84) City of Davenport,Davenport 84,Scott
42,(D82) City of Davenport,Davenport 82,Scott
43,(PKV) Park View,Parkview,Scott
44,(D83) City of Davenport,Davenport 83,Scott
45,(B12) City of Bettendorf,Bettendorf ward 1 precinct 2,Scott
46,(D51) City of Davenport,Davenport 51,Scott
47,(BU) Buffalo Township,Buffalo Township,Scott
48,(B31) City of Bettendorf,Bettendorf ward 3 precinct 1,Scott
49,(B32) City of Bettendorf,Bettendorf ward 3 precinct 2,Scott
50,(EL2) City of Eldridge,Eldridge 2,Scott
51,(D61) City of Davenport,Davenport 61,Scott
52,(D63) City of Davenport,Davenport 63,Scott
53,(D71) City of Davenport,Davenport 71,Scott
54,(D62) City of Davenport,Davenport 62,Scott
55,(EL1) City of Eldridge,Eldridge 1,Scott
56,(B11) City of Bettendorf,Bettendorf ward 1 precinct 1,Scott
57,(B22) City of Bettendorf,Bettendorf ward 2 precinct 2,Scott
58,(B42) City of Bettendorf,Bettendorf ward 4 precinct 2,Scott
59,(B51) City of Bettendorf,Bettendorf ward 5 precinct 1,Scott
60,(B41) City of Bettendorf,Bettendorf ward 4 precinct 1,Scott
61,(D64) City of Davenport,Davenport 64,Scott
62,(B52) City of Bettendorf,Bettendorf ward 5 precinct 2,Scott
0,Dayton / English I,Dayton - English 1,Iowa
1,Honey Creek / Marengo Rural,Honey Creek-Marengo,Iowa
2,Hartford I / Sumner,Hartford 1 - Sumner,Iowa
3,English II,English 2,Iowa
4,Hartford II / Lincoln,Hartford 2 - Lincoln,Iowa
5,Pilot / Troy / York,Pilot-Troy-York,Iowa
6,Fillmore / Greene,Fillmore-Greene,Iowa
7,Hilton / Washington,Washington-Hilton,Iowa
8,Marengo City,Marengo,Iowa
9,Lenox / Iowa,Lenox-Iowa,Iowa
10,Williamsburg,Williamsburg,Iowa
0,DRL,DRL #3 - Poweshiek,Poweshiek
1,MS,MS #4 - Poweshiek,Poweshiek
2,Montezuma - 11.11MO,Montezuma #11 - Poweshiek,Poweshiek
3,CGWS,CGWS #5 - Poweshiek,Poweshiek
4,3rd Ward - 08.08GR,Grinnell 3 #8 - Poweshiek,Poweshiek
5,JUPS,JUPS #10 - Poweshiek,Poweshiek
6,4th Ward - 09.09GR,Grinnell 4 #9 - Poweshiek,Poweshiek
7,1st Ward - 06.06GR,Grinnell 1 #6 - Poweshiek,Poweshiek
8,2nd Ward - 07.07GR,Grinnell 2 #7 - Poweshiek,Poweshiek
9,BMWJ,BMWJ #2 - Poweshiek,Poweshiek
0,Riverton,Riverton,Fremont
1,Hamburg/Washington TWP,Hamburg/Washington,Fremont
2,Farragut,Farragut,Fremont
3,Green/Riverside/Scott,Green,Fremont
4,Sidney,Sidney,Fremont
0,Greenfield 1/DM 86,Warren County Des Moines Precinct 86,Warren
1,Belmont,Warren County Belmont,Warren
2,Liberty,Warren County Liberty Precinct,Warren
3,Palmyra,Warren County Palmyra Precinct,Warren
4,Union,Warren County Union Precinct,Warren
5,White Breast,Warren County White Breast Precinct,Warren
6,Squaw Creek,Warren County Squaw Precinct,Warren
7,Cumming / WDM,Warren County West Des Moines Precinct 131,Warren
8,Lincoln 1-LC Twp (2),Warren County Lincoln Precinct,Warren
9,Jackson,Warren County Jackson,Warren
10,Virginia,Warren County Virginia Precinct,Warren
11,Indianola 3,Indianola-Precinct 3,Warren
12,White Oak,Warren County White Oak Precinct,Warren
13,Richland/Palmyra,Warren County Richland Precinct,Warren
14,Indianola 1,Indianola-Precinct 1,Warren
15,Indianola 6,Indianola-Precinct 6,Warren
16,Otter/Milo,Warren County Otter Precinct,Warren
17,Greenfield 1 - GR Twp,Warren County Greenfield 1,Warren
18,Greenfield 1/DM 85,Warren County Des Moines Precinct 85,Warren
19,Allen 2,Warren County Allen 2,Warren
20,Jefferson,Warren County Jefferson,Warren
21,Indianola 5,Indianola-Precinct 5,Warren
22,Norwalk 2 / Greenfield 1,Warren County Norwalk Precinct 2,Warren
23,Indianola 2,Indianola-Precinct 2,Warren
24,Allen 3,Warren County Allen 3,Warren
25,Greenfield 2/Lincoln 2,Warren County Greenfield 2,Warren
26,Indianola 7,Indianola-Precinct 7,Warren
27,Norwalk 1,Warren County Norwalk Precinct 1,Warren
28,Indianola 4,Indianola-Precinct 4,Warren
29,Norwalk 4,Warren County Norwalk Precinct 4,Warren
30,Norwalk 3/Linn,Warren County Linn Precinct,Warren
0,Grand River - Monroe - Webster,Grand River-Monroe-Webster,Madison
1,Walnut - Ohio,Walnut-Ohio,Madison
2,Jackson - Douglas - Lincoln,Jackson-Douglas-Lincoln,Madison
3,South,South,Madison
4,Jefferson - Lee,Jefferson-Lee,Madison
5,Penn - Madison,Penn-Madison,Madison
6,Union - Crawford - Scott,Union-Crawford-Scott,Madison
7,Winterset 2,Winterset 2,Madison
8,Winterset 1,Winterset 1,Madison
0,Colfax Ward 1,Jasper County Precinct 2,Jasper
1,Colfax Ward 3,Jasper County Precinct 4,Jasper
2,Colfax Ward 2,Jasper County Precinct 3,Jasper
3,Palo Alto,Jasper County Precinct 20,Jasper
4,Newton 4-2,Jasper County Precinct 18,Jasper
5,Newton 1-2,Jasper County Precinct 12,Jasper
6,Mound Prairie/Washington,Jasper County Precinct 10,Jasper
7,Newton 3-2,Jasper County Precinct 16,Jasper
8,Newton 2-2,Jasper County Precinct 14,Jasper
9,Newton 1-1,Jasper County Precinct 11,Jasper
10,Clear Creek/Poweshiek,Jasper County Precinct 1,Jasper
11,Newton 2-1,Jasper County Precinct 13,Jasper
12,Newton 3-1,Jasper County Precinct 15,Jasper
13,Indep/Malaka/Mariposa,Jasper County Precinct 8,Jasper
14,Des Moines,Jasper County Precinct 5,Jasper
15,Newton/Sherman,Jasper County Precinct 19,Jasper
16,Elk Creek/Lynngrove,Jasper County Precinct 9,Jasper
17,Fairview,Jasper County Precinct 6,Jasper
18,Newton 4-1,Jasper County Precinct 17,Jasper
19,HG/K/RC/BV/RL,Jasper County Precinct 7,Jasper
0,INLAND,Inland,Cedar
1,TIPTON 1,Tipton 1,Cedar
2,FREMONT/RED OAK,Fremont/Red Oak,Cedar
3,TIPTON 2,Tipton 2,Cedar
4,TIPTON 3,Tipton 3,Cedar
5,DAYTON/FAIRFIELD,Dayton/Fairfield,Cedar
6,MASSILLON/SPRINGFIELD,Massillon/Springfield,Cedar
7,GOWER/SPRINGDALE,Gower/Springdale,Cedar
8,LINN/PIONEER,Linn/Pioneer,Cedar
9,CASS/CENTER/IOWA/ROCHESTER,Cass/Center/Iowa/Rochester,Cedar
10,WEST BRANCH 1,West Branch 1,Cedar
11,FARMINGTON/SUGAR CREEK,Farmington/Sugar Creek,Cedar
0,Orono-City,Muscatine County Orono Precinct,Muscatine
1,Goshen-City,Muscatine County Goshen Precinct,Muscatine
2,Seventy-Six/Cedar-Seventy-Six,Muscatine County Seventy-Six/ Cedar Precinc,Muscatine
3,Pike-City,Muscatine County Pike Precinct,Muscatine
4,Fruitland Two/Lake-Fruitland,Muscatine County Fruitland 2/ Lake Precinct,Muscatine
5,West Liberty 2,West Liberty 2,Muscatine
6,Wilton/Moscow-Wilton,Muscatine County Moscow/ Wilton Precinct,Muscatine
7,Muscatine Eighth,Muscatine 8,Muscatine
8,Fruitland One-City,Muscatine County Fruitland 1 Precinct,Muscatine
9,Muscatine Fifth,Muscatine 5,Muscatine
10,Muscatine Fourth,Muscatine 4,Muscatine
11,Muscatine Seventh,Muscatine 7,Muscatine
12,Muscatine Third,Muscatine 3,Muscatine
13,Fulton/Montpelier-Blue Grass,Muscatine County Fulton/ Montpelier Precinc,Muscatine
14,Muscatine Tenth,Muscatine 10,Muscatine
15,Sweetland,Muscatine County Sweetland Precinct,Muscatine
16,Muscatine Second,Muscatine 2,Muscatine
17,Muscatine Ninth,Muscatine 9,Muscatine
18,West Liberty/Wapsie-WL1 City,Muscatine County West Liberty 1/ Wapsi Prec,Muscatine
19,Wilton City,Muscatine County Wilton City Precinct,Muscatine
20,Muscatine First,Muscatine 1,Muscatine
21,Muscatine Sixth,Muscatine 6,Muscatine
22,Bloomington,Muscatine County Bloomington Precinct,Muscatine
0,West Chester Precinct,West Chester,Washington
1,Ward One Precinct,Washington ward 1,Washington
2,Riverside Precinct,Riverside,Washington
3,Brighton/Marion/Crawford Precinct,Brighton/Marion/Crawford,Washington
4,Ward Two Precinct,Washington ward 2,Washington
5,Ward Three Precinct,Washington ward 3,Washington
6,Ward Four Precinct,Washington ward 4,Washington
7,Ainsworth Precinct,Ainsworth,Washington
8,Wellman Precinct,Wellman,Washington
9,Kalona Precinct,Kalona,Washington
0,WARREN,Warren,Keokuk
1,PRAIRIE,Prairie,Keokuk
2,EAST / WEST LANCASTER,East West Lancaster,Keokuk
3,SIGOURNEY 3RD WARD,Sigourney Precinct/Ward 3,Keokuk
4,JACKSON,Jackson,Keokuk
5,SIGOURNEY 1ST WARD,Sigourney Precinct/Ward 1,Keokuk
6,ADAMS,Adams,Keokuk
7,SIGOURNEY 4TH WARD,Sigourney Precinct/Ward 4,Keokuk
8,SIGOURNEY 2ND WARD,Sigourney Precinct/Ward 2,Keokuk
9,WHAT CHEER / WASHINGTON,What Cheer Washington,Keokuk
10,RICHLAND,Richland,Keokuk
11,SIGOURNEY / PLANK / VAN BUREN,Sigourney Plank VanBuren,Keokuk
12,ENGLISH RIVER / LIBERTY,English River Liberty,Keokuk
13,BENTON / STEADY RUN,Benton Steady Run,Keokuk
14,LAFAYETTE / CLEAR CREEK,Lafayette Clear Creek,Keokuk
0,No 3 - Albia Third Ward,Albia 3,Monroe
1,"No 7-St Patrick's Church (ML Cty; FR, JK, WY Twps)",Monroe Precinct 7,Monroe
2,No 2 - Albia Second Ward,Albia 2,Monroe
3,No 4 - Albia Fourth Ward,Albia 4,Monroe
4,No 1 - Albia First Ward,Albia 1,Monroe
5,"No 6-Lovilia Comm Center (LV Cty; BC, CE, UN Twps)",Monroe Precinct 6,Monroe
6,"No 5-Courthouse (PL, GL, TR, MT, UR and MN)",Monroe Precinct 5,Monroe
0,Caldwell,Caldwell,Appanoose
1,Johns-Independence,Johns/Independence,Appanoose
2,Union-Udell,Union/Udell,Appanoose
3,Bellair-Lincoln,Bellair/Lincoln,Appanoose
4,Franklin-Pleasant,Pleasant/Franklin,Appanoose
5,Walnut,Walnut,Appanoose
6,Washington-Wells,Washington/Wells,Appanoose
7,Vermillion-Douglas-Sharon,Vermillion/Douglas/Sharon,Appanoose
8,Taylor-Chariton,Taylor/Chariton,Appanoose
9,Centerville W3,Centerville 3,Appanoose
10,Centerville W2,Centerville 2,Appanoose
11,Centerville W1,Centerville 1,Appanoose
0,Competine,Competine,Wapello
1,Cass/Chillicothe,Cass,Wapello
2,Highland,Highland,Wapello
3,Dahlonega,Dahlonega,Wapello
4,Richland/Kirkville,Richland,Wapello
5,Keokuk,Keokuk,Wapello
6,Columbia/Eddyville,Columbia,Wapello
7,Green,Green,Wapello
8,Washington/Eldon,Washington,Wapello
9,Pct 4,Ottumwa 4,Wapello
10,Pct 5,Ottumwa 5,Wapello
11,Pct 7,Ottumwa 7,Wapello
12,Adams/Blakesburg/Polk,Adams,Wapello
13,Agency/Agency/Pleasant,Agency,Wapello
14,Center,Center,Wapello
15,Pct 6,Ottumwa 6,Wapello
16,Pct 1,Ottumwa 1,Wapello
17,Pct 10,Ottumwa 10,Wapello
18,Pct 8,Ottumwa 8,Wapello
19,Pct 9,Ottumwa 9,Wapello
20,Pct 2,Ottumwa 2,Wapello
21,Pct 3,Ottumwa 3,Wapello
0,E-W DM / JF,Mahaska County Precinct 4,Mahaska
1,AD / MN / PG / UN,Mahaska County Precinct 1,Mahaska
2,BO / ST,Mahaska County Precinct 2,Mahaska
3,SP / KE,Mahaska County Precinct 6,Mahaska
4,Oskaloosa 1st Ward,Mahaska County Precinct 7,Mahaska
5,CE / HA / WO,Mahaska County Precinct 3,Mahaska
6,GF / LN / MD,Mahaska County Precinct 5,Mahaska
7,PR / RL,Mahaska County Precinct 11,Mahaska
8,Oskaloosa 2nd Ward,Mahaska County Precinct 8,Mahaska
9,OS4 / OS4 LN,Mahaska County Precinct 10,Mahaska
10,OS3 / UP,Mahaska County Precinct 9,Mahaska
0,Washington Township,Washington,Marion
1,Indiana Township,Indiana,Marion
2,Liberty,Liberty,Marion
3,Clay,Clay,Marion
4,Knoxville Four,Knoxville 4,Marion
5,Knoxville One,Knoxville 1,Marion
6,Dallas,Dallas,Marion
7,Knoxville Two,Knoxville 2,Marion
8,Pella Four,Pella 4,Marion
9,Knoxville Three,Knoxville 3,Marion
10,Otley,Otley,Marion
11,Lake Prairie Township,Lake Prairie,Marion
12,Pella One,Pella 1,Marion
13,Pella Two,Pella 2,Marion
14,Knoxville Township,Knoxville,Marion
15,Pella Three,Pella 3,Marion
16,Pleasantville,Pleasantville,Marion
0,Stockport,Stockport Precinct,Van Buren
1,Cantril,Cantril Precinct,Van Buren
2,Milton,Milton Precinct,Van Buren
3,Douds,Douds Precinct,Van Buren
4,Farmington,Farmington Precinct,Van Buren
5,Bonaparte,Bonaparte Precinct,Van Buren
6,Birmingham,Birmingham Precinct,Van Buren
7,Keosauqua,Keosauqua Precinct,Van Buren
0,SOUTHWEST,Southwest,Davis
1,BLOOMFIELD WARD 3,Bloomfield 3,Davis
2,BLOOMFIELD WARD 2,Bloomfield 2,Davis
3,BLOOMFIELD WARD 1,Bloomfield 1,Davis
4,SOUTHEAST,Southeast,Davis
5,NORTHWEST,Northwest,Davis
6,NORTHEAST,Northeast,Davis
7,CENTRAL,Central,Davis
0,Penn-Pleasant Plain,Penn,Jefferson
1,Locust Grove-Batavia,Locust Grove,Jefferson
2,Buchanan,Buchanan,Jefferson
3,Blackhawk-Polk-Packwood,Black Hawk-Polk,Jefferson
4,Liberty - Des Moines - Libertyville,Des Moines-Liberty,Jefferson
5,Lockridge-Round Prairie-Walnut-Lockridge-Coppock,Walnut,Jefferson
6,Fairfield 3rd Ward,Fairfield 3,Jefferson
7,Fairfield 5th Ward,Fairfield 5,Jefferson
8,Fairfield 4th Ward,Fairfield 4,Jefferson
9,Fairfield 2nd Ward,Fairfield 2,Jefferson
10,Center-Cedar-Maharishi Vedic City,Center-Cedar,Jefferson
11,Fairfield 1st Ward,Fairfield 1,Jefferson
0,HERITAGE CNTR-KE2,Keokuk 2,Lee
1,EVANGELICAL FREE CHURCH-KE4,Keokuk 4,Lee
2,FM CITY HALL-FM1,Fort Madison 1,Lee
3,KE COURTHOUSE-KE1,Keokuk 1,Lee
4,CONSERVATION CNTR - JF,Jefferson,Lee
5,FIRST CHRISTIAN CHURCH-KE6,Keokuk 6,Lee
6,KE LIBRARY-KE3,Keokuk 3,Lee
7,LEARNING CNTR-KE5,Keokuk 5,Lee
8,MCALEER HALL-FM2,Fort Madison 2,Lee
9,JACKSON TWP FIRE STATION-JK,Jackson,Lee
10,KE NAZARENE CHURCH-KE7,Keokuk 7,Lee
11,FM LIBRARY-FM3,Fort Madison 3,Lee
12,CENTRAL LEE HIGH SCHOOL,Charleston/DSM/Van Buren,Lee
13,IVOR FOWLER COMM CENTER-MOR,Montrose,Lee
14,ROLING HALL-FM4,Fort Madison 4,Lee
15,HILLVIEW VILLAGE,Fort Madison 5,Lee
16,GRACE BIBLE CHURCH-GB,Green Bay/Washington,Lee
17,PILOT GROVE BANK COMM ROOM,Franklin/Cedar/Marion/Harrison,Lee
18,WEST POINT LIBRARY-PR,West Point/Pleasant Ridge/Denmark,Lee
0,Southwest Precinct,Henry 8/Southwest,Henry
1,Mt Pleasant Ward 2,Henry 5/Mount Pleasant 2,Henry
2,Mt Pleasant Ward 4,Henry 7/Mount Pleasant 4,Henry
3,Mt Pleasant Ward 1,Henry 4/Mount Pleasant 1,Henry
4,Northeast Precinct,Henry 2/Northeast,Henry
5,Mt Pleasant Ward 3,Henry 6/Mount Pleasant 3,Henry
6,Northwest Precinct,Henry 1/Northwest,Henry
7,Central Precinct,Henry 3/Central,Henry
8,Southeast Precinct,Henry 9/Southeast,Henry
0,WOODBURN PRECINCT,Woodburn,Clarke
1,OSCEOLA 2ND WARD PRECINCT,Osceola 2,Clarke
2,OSCEOLA 1ST WARD PRECINCT,Osceola 1,Clarke
3,MIDDLE PRECINCT,Middle,Clarke
4,MURRAY PRECINCT,Murray,Clarke
5,OSCEOLA 3RD WARD PRECINCT,Osceola 3,Clarke
6,NORTH EAST PRECINCT,Northeast,Clarke
0,DE/Decatur City,Decatur County Precinct 4,Decatur
1,GR/RL/Grand River,Decatur County Precinct 6,Decatur
2,GG/HP/WO/Garden Grove/LeRoy,Decatur County Precinct 5,Decatur
3,FR/LC/Van Wert/Weldon,Decatur County Precinct 7,Decatur
4,BU/HA/MO/NB/Davis City/Pleasanton,Decatur County Precinct 2,Decatur
5,CE/ED/Leon,Decatur County Precinct 3,Decatur
6,BL/FA/Lamoni,Decatur County Precinct 1,Decatur
0,L.C. Extension,Lucas-Extension Office Precinct,Lucas
1,"Russell Community Center-Cedar and Washington Townships, City of Russell",Lucas-Russell precinct,Lucas
2,Pin Oak Marsh,Lucas-Pin Oak Marsh precinct,Lucas
3,Lucas Community Center,Lucas-Lucas Precinct,Lucas
4,Williamson Community Center,Lucas-Williamson precinct,Lucas
5,Chariton City Hall,Chariton Precinct 1,Lucas
6,Chariton Community Center,Chariton Precinct 2,Lucas
0,Columbus Junction,Columbus Junction,Louisa
1,Morning Sun-Marshall,Morning Sun Marshall,Louisa
2,Grandview-Port Louisa,Grandview Port Louisa,Louisa
3,West Louisa,West Louisa,Louisa
4,Southeast Louisa,Southeast Louisa,Louisa
0,PCT PW,DesMoines14-Pleasant Grove/Washington,Des Moines
1,PCT Union,DesMoines15-Union Twnshp,Des Moines
2,Pct 6,Burlington 6,Des Moines
3,PCT HJ,DesMoines12-Huron/Jackson/Benton,Des Moines
4,PCT DM,DesMoines10-Danville twnshp and city,Des Moines
5,Pct 4,Burlington 4,Des Moines
6,Pct 3,Burlington 3,Des Moines
7,Pct 5,Burlington 5,Des Moines
8,Pct 2,Burlington 2,Des Moines
9,PCT FM,DesMoines11-Flint Rvr/Middltwn/Beavrdale,Des Moines
10,PCT WB,DesMoines16-West Burlington,Des Moines
11,Pct 7,Burlington 7,Des Moines
12,PCT MY,DesMoines13-YellowSpring/Franklin/Mediapolis,Des Moines
13,Pct 9,Burlington 9,Des Moines
14,Pct 1T,Burlington 1-T,Des Moines
15,Pct 8C,Burlington 8-C,Des Moines
0,LOW MOOR,Clinton-Low Moor,Clinton
1,LIBERTY TORONTO,Clinton-Liberty/Toronto,Clinton
2,EDEN CAMANCHE TWP,Clinton-CamancheEden,Clinton
3,CENTER TWP,Clinton-Center,Clinton
4,WATERFORD CHARLOTTE,Clinton-Waterford/Charlotte,Clinton
5,DEEP CREEK GOOSE LAKE,Clinton-DeepCreek/GooseLake,Clinton
6,SHARON LOST NATION,Clinton-Sharon/Lost Nation,Clinton
7,SPRING ROCK WHEATLAND,Clinton-Spring Rock/Wheatland,Clinton
8,WELTON WASHINGTON WELTON,Clinton-Washington/Welton/Welton,Clinton
9,ORANGE GRAND MOUND,Clinton-Orange/Ground Mound,Clinton
10,BLOOMFIELD BROOKFIELD DELMAR,BrookfieldBloomfieldDelmar,Clinton
11,OLIVE GRANT CALAMUS,Clinton-GrantOliveCalamus,Clinton
12,CLINTON 1-1,Clinton ward 1 precinct 1,Clinton
13,CLINTON 2-1,Clinton ward 2 precinct 1,Clinton
14,DEWITT TWP,Clinton-Dewitt,Clinton
15,ELK RIVER HAMPSHIRE ANDOVER,Clinton-HampshireElkRiverAndover,Clinton
16,CAMANCHE 2,Camanche 2,Clinton
17,CAMANCHE 1,Camanche 1,Clinton
18,CLINTON 1-2,Clinton ward 1 precinct 2,Clinton
19,DEWITT 1,DeWitt 1,Clinton
20,CLINTON 3-1,Clinton ward 3 precinct 1,Clinton
21,CLINTON 4-2,Clinton ward 4 precinct 2,Clinton
22,CLINTON 3-2,Clinton ward 3 precinct 2,Clinton
23,CLINTON 4-1,Clinton ward 4 precinct 1,Clinton
24,CLINTON 2-2,Clinton ward 2 precinct 2,Clinton
25,DEWITT 2,DeWitt 2,Clinton
0,Danville Hanlontown,Worth 2-3,Worth
1,Fertile,Worth 2-4,Worth
2,Bristol Silver Lake Joice,Worth 2-1,Worth
3,Brookfield Kensett,Worth 2-2,Worth
4,Barton Deer Creek Union Grafton,Worth 1-1,Worth
5,Lincoln Manly,Worth 1-2,Worth
6,Deer Creek Grove Hartland Northwood,Worth 3-1,Worth
0,New Haven Church,Mitchell 2,Mitchell
1,Stacyville Library,Mitchell 11,Mitchell
2,City of Osage-Ward 2,Osage 2,Mitchell
3,Carpenter Community Center,Mitchell 9,Mitchell
4,City of Osage-Ward 3,Osage 3,Mitchell
5,Osage Methodist Church,Mitchell 1,Mitchell
6,Riceville City Hall,Mitchell 3,Mitchell
7,City of Osage- Ward 4,Osage 4,Mitchell
8,City of Osage-Ward 1,Osage 1,Mitchell
9,Mitchell City Hall,Mitchell 4,Mitchell
10,South Square-St. Ansgar,Mitchell 10,Mitchell
0,PCT 11 - DETSUP5,Winneshiek 11,Winneshiek
1,PCT 1 - HE/HI/PL,Winneshiek 1,Winneshiek
2,PCT 10 - JA/SU/WA,Winneshiek 10,Winneshiek
3,PCT - 6 DEW5,Winneshiek 6,Winneshiek
4,PCT 8 - MI/BLM,Winneshiek 8,Winneshiek
5,PCT 4 - DEW2,Winneshiek 4,Winneshiek
6,PCT 7 - CA/SP,Winneshiek 7,Winneshiek
7,PCT 9 - BLF/BO/FR/LI/MA/OR,Winneshiek 9,Winneshiek
8,PCT 5 - CN/DEW4/DETSUP3,Winneshiek 5,Winneshiek
9,PCT 3 - DEW1/DETSUP2,Winneshiek 3,Winneshiek
10,PCT 2 - FR/GL/DEW3/DETSUP1,Winneshiek 2,Winneshiek
0,PCt 1 - WL/HV,Hanover-Waterloo,Allamakee
1,PCT - PO/FK,Frankling-Post,Allamakee
2,LT/PC/WV CITY,Waterville-Linton-Paint Creek,Allamakee
3,PCT 4 - PV City,Postville,Allamakee
4,PCT - 6 FV/TL/HF CITY,Harpers Ferry-Fairview-Taylor,Allamakee
5,PCT - 8 IA/UC/NA CITY,New Albin-Iowa-Union City,Allamakee
6,WAUKON WARD  2,Waukon 2,Allamakee
7,WAUKON WARD  3,Waukon 3,Allamakee
8,PCT 9 - WAUKON WARD 1,Waukon 1,Allamakee
9,PCT - 7 CN/LF//LS/LS City,Lansing-Center-Lafayette-Lansing,Allamakee
10,PCT 2 - FC/JF/LL/MK/UP,French Creek-Jefferson-Ludlow-Makee-Union P,Allamakee
0,BUENA VISTA,Buena Vista,Clayton
1,READ,Read,Clayton
2,MARION,Marion,Clayton
3,GRAND MEADOW,Grand Meadow,Clayton
4,LODOMILLO,Lodomillo,Clayton
5,COX CREEK-SPERRY,Cox Creek-Sperry,Clayton
6,FARMERSBURG-WAGNER,Farmersburg-Wagner,Clayton
7,ELK-MALLORY-VOLGA,Elk-Mallory-Volga,Clayton
8,CLAYTON-GARNAVILLO,Clayton-Garnavillo,Clayton
9,CASS,Cass,Clayton
10,MENDON,Mendon,Clayton
11,BOARDMAN-HIGHLAND,Boardman-Highland,Clayton
12,GIARD-LUANA-MONONA,Giard-Luana-Monona,Clayton
13,JEFFERSON-MILLVILLE,Jefferson-Millville,Clayton
0,SCOTT TWP.,Scott,Fayette
1,SMITHFIELD TWP.,Smithfield,Fayette
2,CENTER TWP.,Center,Fayette
3,"FAIRBANK, INC.",Fairbank,Fayette
4,UNION TWP.,Union,Fayette
5,ORAN TWP.,Oran,Fayette
6,EDEN TWP.,Eden,Fayette
7,ILLYRIA TWP.,Illyria,Fayette
8,AUBURN TWP.,Auburn,Fayette
9,DOVER TWP.,Dover,Fayette
10,JEFFERSON TWP.,Jefferson,Fayette
11,WEST UNION-WARD 2,West Union 2,Fayette
12,WEST UNION-WARD 3,West Union 3,Fayette
13,HARLAN TWP.,Harlan,Fayette
14,FAIRFIELD-PUTNAM TWP.,Fairfield-Putnam,Fayette
15,CLERMONT TWP.,Clermont,Fayette
16,WEST UNION-WARD 1,West Union 1,Fayette
17,BANKS-FREMONT TWP.,Banks-Fremont,Fayette
18,BETHEL-WINDSOR TWP.,Bethel-Windsor,Fayette
19,PLEASANT VALLEY TWP.,Pleasant Valley,Fayette
20,OELWEIN-WARD 2,Oelwin 2,Fayette
21,OELWEIN-WARD 3,Oelwin 3,Fayette
22,WESTFIELD TWP.,Westfield,Fayette
23,OELWEIN-WARD 1,Oelwin 1,Fayette
24,OELWEIN-WARD 4,Oelwin 4,Fayette
0,Bernard Fire Station,Prairie Creek - Dubuque precinct 44,Dubuque
1,St John's Parish House,Dubuque 17,Dubuque
2,Dyersville Social Center 37,Dyersville 2 - Dubuque precinct 37,Dubuque
3,Election Annex,Dubuque 16,Dubuque
4,Dyersville Social Center 38,Dyersville 3 - Dubuque 38,Dubuque
5,Sacred Heart Church,Dubuque 14,Dubuque
6,Farley Memorial Hall,Farley - Dubuque 40,Dubuque
7,Federal Building,Dubuque 18,Dubuque
8,Moose Lodge 355,Dubuque 13,Dubuque
9,Area Residential Care,Dubuque 3,Dubuque
10,Emmaus Bible College,Dubuque 8,Dubuque
11,Holy Trinity Church,Dubuque 15,Dubuque
12,Westminster Church Nine,Dubuque 9,Dubuque
13,Swiss Valley Nature Center,Table Mound West - Dubuque precinct 45,Dubuque
14,U.A.W. Local 94,Dubuque 11,Dubuque
15,Cascade City Hall,Cascade/White Water - Dubuque 33,Dubuque
16,Luxemburg City Hall,Concord/Liberty/New Wine - Dubuque 35,Dubuque
17,YMCA/YWCA,Dubuque 19,Dubuque
18,Beckman High School,Dyersville/Dodge - Dubuque precinct 39,Dubuque
19,Epworth Council Chambers,Iowa/Taylor - Dubuque precinct 41,Dubuque
20,Westminster Church Ten,Dubuque 10,Dubuque
21,Windsor Park,Dubuque 12,Dubuque
22,Summit Congregational Church,Dubuque 6,Dubuque
23,SS Peter and Paul School,Jefferson/Peru - Dubuque 42,Dubuque
24,Hope Evangelical Free Church,Dubuque North - precinct 36,Dubuque
25,Fogarty Hall Center,Dubuque 20,Dubuque
26,Arbor Oaks Bible Chapel,Dubuque 5,Dubuque
27,St. Peter Lutheran Church,Dubuque 7,Dubuque
28,Key West Fire Station,Mosalem/Table Mound E/Wshngtn - Dubuque 43,Dubuque
29,Asbury City,Asbury East - Dubuque precinct 31,Dubuque
30,Rockdale Methodist Church,Dubuque 1,Dubuque
31,Theisen's Home Center,Dubuque 2,Dubuque
32,Journey Church,Dubuque 4,Dubuque
33,The Meadows Golf,Asbury west/Center north - precinct 32,Dubuque
34,Peosta Community Center,Center South/Vernon - Dubuque 34,Dubuque
0,OX-OXFORD,Oxford,Jones
1,WY-WYOMING,Wyoming,Jones
2,GF-GREENFIELD,Greenfield,Jones
3,MN3-MONTICELLO 3,Monticello 3,Jones
4,MN1-MONTICELLO 1,Monticello 1,Jones
5,MN4-MONTICELLO 4,Monticello 4,Jones
6,MN2-MONTICELLO 2,Monticello 2,Jones
7,SGMC-SC GRV/MADISON/CLAY,Scotch Grove/Madison/Clay,Jones
8,RLWS-RICHLAND/WASHINGTON,Richland/Washington,Jones
9,ROHA-ROME/HALE,Rome/Hale,Jones
10,ANN-ANAMOSA NORTH/CASS,Anamosa North/Cass,Jones
11,FV-FAIRVIEW,Fairview,Jones
12,CGLW-CASTLE GRV/LOV/WAYNE,Castle Grove/Lovell/Wayne,Jones
13,ANS-ANAMOSA SOUTH/JACKSON,Anamosa South/Jackson,Jones
0,Pct 11 - Sabula City Hall,Jackson 11,Jackson
1,Pct 10 - Miles City Hall,Jackson 10,Jackson
2,Pct 5 - Baldwin Fire Station,Jackson 5,Jackson
3,Pct 8 - Springbrook City Hall,Jackson 8,Jackson
4,Pct 13 - Jackson County Fairgrounds,Jackson 13,Jackson
5,Pct 14 - Jackson County Fairgrounds,Jackson 14,Jackson
6,Pct 12 - Jackson County Fairgrounds,Jackson 12,Jackson
7,Pct 3 - LaMotte Recreation Center,Jackson 3,Jackson
8,Pct 2 - St Donatus Parish Center,Jackson 2,Jackson
9,Pct 4 - St Lawrence Community Hall,Jackson 4,Jackson
10,Pct 15 - Jackson County Fairgrounds,Jackson 15,Jackson
11,Pct 6 - Andrew City Hall,Jackson 6,Jackson
12,Pct 16 - Jackson County Fairgrounds,Jackson 16,Jackson
13,Pct 9 - Preston Community Hall,Jackson 9,Jackson
14,Pct 7 - Jackson County Fairgrounds,Jackson 7,Jackson
15,Pct 1 - Bellevue Community Center,Jackson 1,Jackson
0,City of Frederika/Frederika Twp/Leroy Twp,Bremer County Frederika Precinct,Bremer
1,Waverly Ward III,Bremer County Waverly Ward 3 Precinct,Bremer
2,City of Plainfield/Polk Twp/Douglas Twp,Bremer County Plainfield Precinct,Bremer
3,Lafayette Twp/Warren Twp,Bremer County Lafayette/ Warren Precinct,Bremer
4,City of Tripoli/Fremont Twp,Bremer County Tripoli Precinct,Bremer
5,City of Readlyn,Bremer County Readlyn Precinct,Bremer
6,City of Janesville/Jackson Twp,Bremer County Janesville Precinct,Bremer
7,Waverly Ward IV,Bremer County Waverly Ward 4 Precinct,Bremer
8,Waverly Ward II/ NE 1/4 Sec 36 Washington Twp,Bremer County Waverly Ward 2 Precinct,Bremer
9,Waverly Ward V/West Washington Twp,Bremer County Waverly Ward 5 Precinct,Bremer
10,City of Sumner/Dayton Twp/Sumner Twp,Bremer County Sumner Precinct,Bremer
11,Waverly Ward I/ East Washington Twp,Bremer County Waverly Ward 1,Bremer
12,City of Denver/Jefferson Twp,Bremer County Denver Precinct,Bremer
0,MIDDLEFIELD-NEWTON,Middlefield/Newton,Buchanan
1,BRANDON,Brandon,Buchanan
2,INDEPENDENCE 4TH WARD,Independence 4,Buchanan
3,HAZLETON,Hazleton,Buchanan
4,AURORA,Aurora,Buchanan
5,FAIRBANK,Fairbank,Buchanan
6,INDEPENDENCE 5TH WARD,Independence 5,Buchanan
7,ROWLEY,Rowley,Buchanan
8,INDEPENDENCE 2ND WARD,Independence 2,Buchanan
9,PERRY-WESTBURG,Perry/Westburg,Buchanan
10,QUASQUETION,Quasqueton,Buchanan
11,WINTHROP,Winthrop,Buchanan
12,INDEPENDENCE 3RD WARD,Independence 3,Buchanan
13,JESUP,Jesup,Buchanan
14,INDEPENDENCE 1ST WARD,Independence 1,Buchanan
0,LIBERTY / MINERVA,Liberty/Minerva,Marshall
1,BANGOR / LISCOMB,Bangor/Liscomb,Marshall
2,MARIETTA / WASHINGTON,Marietta/Washington,Marshall
3,JEFFERSON,Jefferson,Marshall
4,GREEN CASTLE,Green Castle,Marshall
5,PUBLIC LIBRARY 1-1,Marshalltown 1-1,Marshall
6,Timber Creek,Timber Creek,Marshall
7,TAYLOR,Taylor,Marshall
8,PUBLIC LIBRARY 1-2,Marshalltown 1-2,Marshall
9,MARION / VIENNA,Marion/Vienna,Marshall
10,Legrand and City,Le Grand,Marshall
11,EDEN / LOGAN,Eden/Logan,Marshall
12,STATE CENTER,State Center,Marshall
13,IVH MALLOY HALL 2-1,Marshalltown 2-1,Marshall
14,REDEEMER LUTHERAN CHURCH 4-1,Marshalltown 4-1,Marshall
15,REDEEMER LUTHERAN CHURCH 4-2,Marshalltown 4-2,Marshall
16,FISHER COMM.  CENTER 3-1,Marshalltown 3-1,Marshall
17,IVH MALLOY HALL 2-2,Marshalltown 2-2,Marshall
18,FISHER COMM. CENTER 3-2,Marshalltown 3-2,Marshall
0,S. OTTER CREEK,Tama 10 - South Otter Creek,Tama
1,GRANT,Tama 7 - Grant,Tama
2,LINCOLN,Tama 11 - Lincoln,Tama
3,YORK,Tama 15 - York,Tama
4,RICHLAND/SALT CREEK,Tama 12 - Richland/Salt Creek,Tama
5,HOWARD/TOLEDO,Tama 13 - Howard/Toledo,Tama
6,CARROLL/ONEIDA/N. OTTER C,Tama 3 - Carroll/Oneida/North Otter Creek,Tama
7,INDIAN SETTLEMENT,Tama 9 - Indian Settlement,Tama
8,CARLTON,Tama 2 - Carlton,Tama
9,HIGHLAND/INDIAN VILLAGE,Tama 8 - Highland/Indian Village,Tama
10,SPRING CREEK/W. CRYSTAL,Tama 6 - West Crystal/Spring Creek,Tama
11,TOLEDO CITY,Tama 14 - Toledo City,Tama
12,CLARK/GENESEO,Tama 4 - Clark/Geneseo,Tama
13,PERRY/BUCKINGHAM/E. CRYST,Tama 1 - Buckingham/Perry/East Crystal,Tama
14,COLUMBIA/TAMA,Tama 5 - Columbia/Tama,Tama
0,Belle Plaine 3,Belle Plaine 3,Benton
1,Belle Plaine 2,Belle Plaine 2,Benton
2,Belle Plaine 1,Belle Plaine 1,Benton
3,Kane - Keystone,Benton County Kane/ Keystone Precinct,Benton
4,Vinton 2,Vinton Precinct 2,Benton
5,Bruce - Cedar - Mt Auburn,Benton Cnty Bruce/ Cedar/ Mt. Auburn Pct,Benton
6,Homer - Monroe - Jackson - Garrison,Benton Cty Homer/ Monroe/ Jackson/ Garrison,Benton
7,Walford,Walford,Benton
8,Vinton 4,Vinton Precinct 4,Benton
9,Vinton 1,Vinton Precinct 1,Benton
10,Eldorado - Newhall,Benton County El Dorado/ Newhall Pct,Benton
11,Vinton 3,Vinton Precinct 3,Benton
12,Big Grove - Union - Van Horne,Benton Cnty Big Grove/ Union/ Van Horne Pct,Benton
13,Iowa - Leroy - Luzerne - Blairstown,Benton Cty Iowa/ Leroy/ Luzerne/ Blairstown,Benton
14,Florence - St Clair - Norway,Benton County Florence/ St. Clair/ Norway P,Benton
15,Eden - Harrison - Taylor,Benton County Eden/ Harrison/ Taylor Pct,Benton
16,Polk - Urbana,Benton County Polk/ Urbana Pct,Benton
17,Benton - Canton - Shellsburg,Benton Cty Benton/ Canton/ Shellsburg Prnct,Benton
18,Fremont - Atkins,Benton County Fremont/ Adkins Precinct,Benton
0,Colony,Delaware County Precinct 2,Delaware
1,Adams/Hazel Green,Delaware County Precinct 1,Delaware
2,Richland/Coffins Grove,Delaware County Precinct 11,Delaware
3,Delaware,Delaware County Precinct 3,Delaware
4,Delhi/Delaware Corp,Delaware County Precinct 4,Delaware
5,South Fork/Union,Delaware County Precinct 12,Delaware
6,Manchester Ward 1,Delaware County Precinct 6,Delaware
7,Honey Creek/Elk,Delaware County Precinct 5,Delaware
8,Manchester Ward 3,Delaware County Precinct 8,Delaware
9,Manchester Ward 2,Delaware County Precinct 7,Delaware
10,Milo/Prairie,Delaware County Precinct 9,Delaware
11,Oneida/N Fork/Bremen,Delaware County Precinct 10,Delaware
0,Cresco 1A,Cresco 1A,Howard
1,Jamestown/Oakdale,Riceville-Jamestown-Oakdale,Howard
2,Saratoga/Howard Center/Chester,Saratoga-Howard Center-Chester,Howard
3,New Oregon,New Oregon,Howard
4,Albion/Forest City,Albion-Forest City,Howard
5,Vernon Springs,Cresco 1b-Vernon Springs,Howard
6,Cresco 3,Cresco 3,Howard
7,Cresco 2,Cresco 2,Howard
8,Afton/Howard/Paris,Paris-Afton-Howard,Howard
0,Shenandoah Ward 1,Shenandoah 1,Page
1,Essex City Hall,Pierce,Page
2,Shenandoah Ward 2,Shenandoah 2,Page
3,Clarinda Ward 1,Clarinda 1,Page
4,Shenandoah Fire Station,Grant,Page
5,Shenandoah Ward 3,Shenandoah 3,Page
6,Page County Courthouse,East River,Page
7,Clarinda Ward 2,Clarinda 2,Page
0,Sherman Twp,Sherman,Story
1,Richland Twp,Richland,Story
2,Lafayette Twp,Lafayette,Story
3,Grant Twp,Grant,Story
4,Warren/McCallsburg,Warren,Story
5,Milford Twp,Milford,Story
6,Lincoln/Zearing,Lincoln,Story
7,Collins/Collins,Collins,Story
8,Nevada Twp,Nevada,Story
9,Palestine Twp,Palestine,Story
10,Washington/Kelley,Washington,Story
11,New Albany/Colo,New Albany,Story
12,Union/Cambridge,Union,Story
13,Nevada 2,Nevada 2,Story
14,Indian Creek/Maxwell,Indian Creek,Story
15,Nevada 1,Nevada 1,Story
16,Ames 4-2,Ames 4-2,Story
17,Nevada 4,Nevada 4,Story
18,Nevada 3/Grant 3,Nevada 3,Story
19,Ames 4-3,Ames 4-3,Story
20,Ames 3-2,Ames 3-2,Story
21,Slater/Sheldahl,Slater/Sheldahl,Story
22,Ames 3-3,Ames 3-3,Story
23,Howard/Roland,Howard,Story
24,Ames 4-1,Ames 4-1,Story
25,Ames 1-3/Grant 2,Ames 1-3,Story
26,Ames 1-1,Ames 1-1,Story
27,Ames 2-2,Ames 2-2,Story
28,Ames 4-4,Ames 4-4,Story
29,Ames 3-5/Wash 3,Ames 3-5,Story
30,Ames 1-4,Ames 1-4,Story
31,Ames 1-2,Ames 1-2,Story
32,Ames 2-3,Ames 2-3,Story
33,Ames 3-4,Ames 3-4,Story
34,Ames 4-5,Ames 4-5,Story
35,Ames 2-1,Ames 2-1,Story
36,Story City,Story City,Story
37,Ames 1-5,Ames 1-5,Story
38,Ames 3-1/Wash 2,Ames 3-1,Story
39,Huxley,Huxley,Story
40,Ames 2-4,Ames 2-4,Story
41,Franklin/Gilbert,Franklin,Story
42,Ames 2-5,Ames 2-5,Story
0,HD,Hardin Township,Johnson
1,GR,Graham Township,Johnson
2,SN,Sharon Township,Johnson
3,CE,Cedar Township,Johnson
4,LB/PV,Liberty-Pleasant Valley,Johnson
5,UN,Union Township,Johnson
6,HS,Hills,Johnson
7,WS,Washington Township,Johnson
8,WL,West Lucas Township,Johnson
9,UH,University Heights,Johnson
10,OX,Oxford Township/Oxford,Johnson
11,CV03,Coralville 03,Johnson
12,SC/WB,Scott Twp-West Branch,Johnson
13,FR/LN/LT,Fremont-Lincoln,Johnson
14,IC19,Iowa City 19,Johnson
15,IC13,Iowa City 13,Johnson
16,IC15,Iowa City 15,Johnson
17,CV04,Coralville 04,Johnson
18,IC03,Iowa City 03,Johnson
19,NL04,North Liberty 04,Johnson
20,IC22,Iowa City 22,Johnson
21,NL05,North Liberty 05,Johnson
22,CV05,Coralville 05,Johnson
23,BG,Big Grove Township,Johnson
24,IC20,Iowa City 20,Johnson
25,IC10/ELSW,Iowa City 10/ELSW,Johnson
26,IC05,Iowa City 05,Johnson
27,NL02,North Liberty 02,Johnson
28,SO,Solon,Johnson
29,IC11,Iowa City 11,Johnson
30,IC14,Iowa City 14,Johnson
31,NL01,North Liberty 01,Johnson
32,SW/JW/MN,JW/MN/SW,Johnson
33,IC12/ELSE,Iowa City 12/East Lucas SE,Johnson
34,IC07,Iowa City 07,Johnson
35,IC09,Iowa City 09,Johnson
36,IC21,Iowa City 21,Johnson
37,CV01,Coralville 01,Johnson
38,NP,Newport Township,Johnson
39,JE/SH,Jefferson East/Shueyville,Johnson
40,CV07,Coralville 07,Johnson
41,IC04,Iowa City 04,Johnson
42,CV02,Coralville 02,Johnson
43,IC16,Iowa City 16,Johnson
44,IC02,Iowa City 02,Johnson
45,IC08,Iowa City 08,Johnson
46,IC06,Iowa City 06,Johnson
47,IC18,Iowa City 18,Johnson
48,NL03,North Liberty 03/PW,Johnson
49,CC/TF,Clear Creek/Tiffin,Johnson
50,IC17,Iowa City 17,Johnson
51,CV06,Coralville 06,Johnson
52,PN/ELN,Penn/East Lucas North,Johnson
53,IC23,Iowa City 23,Johnson
54,IC01,Iowa City 01,Johnson
55,NL06/MD/CCN,North Liberty 06/Madison/CCN,Johnson
56,IC24,Iowa City 24,Johnson
0,Hiawatha 04,Hiawatha 4,Linn
1,Boulder Township,Boulder,Linn
2,Buffalo Township,Buffalo,Linn
3,College Township,College,Linn
4,Spring Grove Township,Spring Grove,Linn
5,Clinton Township,Clinton,Linn
6,Linn Township,Linn,Linn
7,Cedar Rapids 44,Cedar Rapids 44,Linn
8,Hiawatha 03,Hiawatha 3,Linn
9,Grant Township,Grant,Linn
10,Cedar Rapids 22,Cedar Rapids 22,Linn
11,Fayette Township,Fayette,Linn
12,Jackson Township,Jackson,Linn
13,Otter Creek Township,Otter Creek,Linn
14,Fairfax Township,Fairfax Township,Linn
15,Cedar Rapids 07,Cedar Rapids 07,Linn
16,Marion Township,Marion Township,Linn
17,Marion 02,Marion 02,Linn
18,Mount Vernon North,Mount Vernon North,Linn
19,Maine Township,Maine,Linn
20,Cedar Rapids 43,Cedar Rapids 43,Linn
21,Marion 04,Marion 04,Linn
22,Marion 12,Marion 12,Linn
23,Hiawatha 02,Hiawatha 2,Linn
24,Cedar Rapids 18,Cedar Rapids 18,Linn
25,Cedar Rapids 40,Cedar Rapids 40,Linn
26,Cedar Rapids 09,Cedar Rapids 09,Linn
27,Marion 01,Marion 01,Linn
28,Brown Township,Brown,Linn
29,Cedar Rapids 23,Cedar Rapids 23,Linn
30,Cedar Rapids 15,Cedar Rapids 15,Linn
31,Cedar Rapids 17,Cedar Rapids 17,Linn
32,Cedar Rapids 08,Cedar Rapids 08,Linn
33,Cedar Rapids 27,Cedar Rapids 27,Linn
34,Cedar Rapids 35,Cedar Rapids 35,Linn
35,Cedar Rapids 02,Cedar Rapids 02,Linn
36,Marion 10,Marion 10,Linn
37,Cedar Rapids 38,Cedar Rapids 38,Linn
38,Cedar Rapids 32,Cedar Rapids 32,Linn
39,Monroe Township 02,Monroe 2,Linn
40,Monroe Township 01,Monroe 1,Linn
41,Cedar Rapids 34,Cedar Rapids 34,Linn
42,Marion 03,Marion 03,Linn
43,Cedar Rapids 42,Cedar Rapids 42,Linn
44,Cedar Rapids 33,Cedar Rapids 33,Linn
45,Cedar Rapids 03,Cedar Rapids 03,Linn
46,Cedar Rapids 29,Cedar Rapids 29,Linn
47,Cedar Rapids 04,Cedar Rapids 04,Linn
48,Mount Vernon South,Mount Vernon South,Linn
49,Cedar Rapids 16,Cedar Rapids 16,Linn
50,Cedar Rapids 14,Cedar Rapids 14,Linn
51,Cedar Rapids 13,Cedar Rapids 13,Linn
52,Cedar Rapids 21,Cedar Rapids 21,Linn
53,Fairfax,Fairfax City,Linn
54,Cedar Rapids 01,Cedar Rapids 01,Linn
55,Marion 14,Marion 14,Linn
56,Marion 09,Marion 09,Linn
57,Cedar Rapids 06,Cedar Rapids 06,Linn
58,Cedar Rapids 05,Cedar Rapids 05,Linn
59,Putnam Township,Putnam,Linn
60,Marion 08,Marion 08,Linn
61,Cedar Rapids 37,Cedar Rapids 37,Linn
62,Cedar Rapids 30,Cedar Rapids 30,Linn
63,Franklin Township,Franklin,Linn
64,Cedar Rapids 28,Cedar Rapids 28,Linn
65,Marion 13,Marion 13,Linn
66,Cedar Rapids 19,Cedar Rapids 19,Linn
67,Hiawatha 01,Hiawatha 1,Linn
68,Cedar Rapids 36,Cedar Rapids 36,Linn
69,Marion 07,Marion 07,Linn
70,Washington Township,Washington,Linn
71,Cedar Rapids 10,Cedar Rapids 10,Linn
72,Cedar Rapids 41,Cedar Rapids 41,Linn
73,Cedar Rapids 24,Cedar Rapids 24,Linn
74,Cedar Rapids 20,Cedar Rapids 20,Linn
75,Cedar Rapids 39,Cedar Rapids 39,Linn
76,Cedar Rapids 26,Cedar Rapids 26,Linn
77,Marion 06,Marion 06,Linn
78,Cedar Rapids 11,Cedar Rapids 11,Linn
79,Marion 11,Marion 11,Linn
80,Cedar Rapids 31,Cedar Rapids 31,Linn
81,Cedar Rapids 12,Cedar Rapids 12,Linn
82,Robins,Robins,Linn
83,Bertram Township,Bertram,Linn
84,Marion 05,Marion 05,Linn
85,Cedar Rapids 25,Cedar Rapids 25,Linn
0,West Des Moines,West Des Moines 224,Dallas
1,De Soto,De Soto,Dallas
2,Spring Valley/Dallas,Spring Valley/Dallas,Dallas
3,Lincoln,Lincoln/Washington/Linn,Dallas
4,West Des Moines 322,West Des Moines 322,Dallas
5,Colfax/Adel,Colfax/Adel,Dallas
6,Perry 3,Perry 3,Dallas
7,Perry 2,Perry 2,Dallas
8,Adams,Adams Precinct,Dallas
9,Adel 1,Adel 1 Precinct,Dallas
10,Perry 1,Perry 1,Dallas
11,West Des Moines 226,West Des Moines 226,Dallas
12,Union,Union,Dallas
13,Beaver/Des Moines,Beaver/Des Moines,Dallas
14,West Des Moines 223,West Des Moines 223,Dallas
15,Walnut/Grimes/Grant,Walnut/Grimes/Grant,Dallas
16,Sugar Grove/Dallas Center,Sugar Grove/Dallas Center,Dallas
17,Urbandale 15,Urbandale 15,Dallas
18,West Des Moines 222,West Des Moines 222,Dallas
19,West Des Moines 321,West Des Moines 321,Dallas
20,Waukee 6,Waukee 6,Dallas
21,Clive 5,Clive 5 Precinct,Dallas
22,Waukee 5,Waukee 5,Dallas
23,Van Meter,Van Meter,Dallas
24,Waukee 4,Waukee 4,Dallas
25,Adel 2,Adel 2 Precinct,Dallas
26,Waukee 1,Waukee 1,Dallas
27,Waukee 2,Waukee 2,Dallas
28,West Des Moines 225,West Des Moines 225,Dallas
29,Urbandale 14,Urbandale 14,Dallas
30,Waukee 3,Waukee 3,Dallas
31,Clive 6,Clive 6 Precinct,Dallas
32,West Des Moines 221,West Des Moines 221,Dallas
33,Urbandale 13,Urbandale 13,Dallas
0,Spring Creek,Black Hawk County Spring Creek Precinct,Black Hawk
1,Bennington,Black Hawk County Bennington Precinct,Black Hawk
2,Eagle,Black Hawk County Eagle Precinct,Black Hawk
3,WL W5 P1,Waterloo ward 5 precinct 1,Black Hawk
4,Washington Janesville,Black Hawk County Washington Precinct,Black Hawk
5,WL W4 P3,Waterloo ward 4 precinct 3,Black Hawk
6,Evansdale W3,Evansdale 3,Black Hawk
7,Evansdale W2,Evansdale 2,Black Hawk
8,Evansdale W1,Evansdale 1,Black Hawk
9,CF W2 P1,Cedar Falls ward 2 precinct 1,Black Hawk
10,WL W4 P6,Waterloo ward 4 precinct 6,Black Hawk
11,WL W4 P2,Waterloo ward 4 precinct 2,Black Hawk
12,WL W3 P3,Waterloo ward 3 precinct 3,Black Hawk
13,Poyner P1 East Wloo,Black Hawk County Poyner 1/ East Waterloo,Black Hawk
14,WL W3 P4,Waterloo ward 3 precinct 4,Black Hawk
15,WL W3 P6,Waterloo ward 3 precinct 6,Black Hawk
16,Evansdale W4,Evansdale 4,Black Hawk
17,Mt Vernon,Black Hawk County Mount Vernon Precinct,Black Hawk
18,Union,Black Hawk County Union Precinct,Black Hawk
19,WL W4 P4,Waterloo ward 4 precinct 4,Black Hawk
20,WL W2 P2,Waterloo ward 2 precinct 2,Black Hawk
21,WL W4 P1,Waterloo ward 4 precinct 1,Black Hawk
22,WL W5 P3,Waterloo ward 5 precinct 3,Black Hawk
23,WL W2 P1,Waterloo ward 2 precinct 1,Black Hawk
24,WL W4 P5,Waterloo ward 4 precinct 5,Black Hawk
25,WL W1 P3,Waterloo ward 1 precinct 3,Black Hawk
26,WL W3 P2,Waterloo ward 3 precinct 2,Black Hawk
27,WL W5 P2,Waterloo ward 5 precinct 2,Black Hawk
28,CF W4 P3,Cedar Falls ward 4 precinct 3,Black Hawk
29,WL W3 P1,Waterloo ward 3 precinct 1,Black Hawk
30,CF W4 P2,Cedar Falls ward 4 precinct 2,Black Hawk
31,Elk Run Heights/Raymond,Black Hawk County Elk Run Heights/ Raymond,Black Hawk
32,CF W3 P3,Cedar Falls ward 3 precinct 3,Black Hawk
33,Barclay Lester Dunkerton,Black Hawk County Barclay/ Lester Precinct,Black Hawk
34,CF W1 P1,Cedar Falls ward 1 precinct 1,Black Hawk
35,Poyner P2 Gilb Fox Jesup,Black Hawk Poyner 2/ Fox Precinct,Black Hawk
36,WL W2 P3,Waterloo ward 2 precinct 3,Black Hawk
37,WL W1 P5,Waterloo ward 1 precinct 5,Black Hawk
38,WL W5 P6,Waterloo ward 5 precinct 6,Black Hawk
39,Cedar Orange,Black Hawk County Cedar/ Orange Precinct,Black Hawk
40,WL W5 P4,Waterloo ward 5 precinct 4,Black Hawk
41,WL W1 P2,Waterloo ward 1 precinct 2,Black Hawk
42,WL W1 P4,Waterloo ward 1 precinct 4,Black Hawk
43,WL W3 P5,Waterloo ward 3 precinct 5,Black Hawk
44,WL W2 P5,Waterloo ward 2 precinct 5,Black Hawk
45,WL W2 P6,Waterloo ward 2 precinct 6,Black Hawk
46,Big Creek La Porte City,Black Hawk County Big Creek Precinct,Black Hawk
47,WL W1 P1,Waterloo ward 1 precinct 1,Black Hawk
48,WL W5 P5,Waterloo ward 5 precinct 5,Black Hawk
49,CF W3 P1,Cedar Falls ward 3 precinct 1,Black Hawk
50,CF W5 P2,Cedar Falls ward 5 precinct 2,Black Hawk
51,CF W5 P1,Cedar Falls ward 5 precinct 1,Black Hawk
52,CF W1 P3,Cedar Falls ward 1 precinct 3,Black Hawk
53,WL W2 P4,Waterloo ward 2 precinct 4,Black Hawk
54,CF W5 P3,Cedar Falls ward 5 precinct 3,Black Hawk
55,CF W4 P1,Cedar Falls ward 4 precinct 1,Black Hawk
56,WL W1 P6,Waterloo ward 1 precinct 6,Black Hawk
57,CF W1 P2,Cedar Falls ward 1 precinct 2,Black Hawk
58,Black Hawk Hudson Lincoln,Black Hawk County Black Hawk Precinct,Black Hawk
59,CF W2 P2,Cedar Falls ward 2 precinct 2/CF Twp,Black Hawk
60,CF W3 P2,Cedar Falls ward 3 precinct 2,Black Hawk
61,CF W2 P3,Cedar Falls ward 2 precinct 3,Black Hawk
